Period,Rate
1/4/1999,1.1789
1/5/1999,1.179
1/6/1999,1.1743
1/7/1999,1.1632
1/8/1999,1.1659
1/11/1999,1.1569
1/12/1999,1.152
1/13/1999,1.1744
1/14/1999,1.1653
1/15/1999,1.1626
1/18/1999,1.1612
1/19/1999,1.1616
1/20/1999,1.1575
1/21/1999,1.1572
1/22/1999,1.1567
1/25/1999,1.1584
1/26/1999,1.1582
1/27/1999,1.1529
1/28/1999,1.141
1/29/1999,1.1384
2/1/1999,1.1338
2/2/1999,1.1337
2/3/1999,1.1337
2/4/1999,1.1263
2/5/1999,1.1292
2/8/1999,1.1246
2/9/1999,1.1333
2/10/1999,1.1342
2/11/1999,1.1312
2/12/1999,1.1244
2/15/1999,1.1238
2/16/1999,1.1176
2/17/1999,1.1253
2/18/1999,1.1232
2/19/1999,1.1163
2/22/1999,1.0992
2/23/1999,1.0969
2/24/1999,1.1037
2/25/1999,1.1031
2/26/1999,1.1018
3/1/1999,1.0986
3/2/1999,1.0887
3/3/1999,1.0899
3/4/1999,1.0866
3/5/1999,1.0834
3/8/1999,1.0908
3/9/1999,1.0863
3/10/1999,1.0953
3/11/1999,1.0891
3/12/1999,1.0932
3/15/1999,1.0949
3/16/1999,1.0901
3/17/1999,1.0966
3/18/1999,1.1012
3/19/1999,1.0915
3/22/1999,1.0864
3/23/1999,1.0896
3/24/1999,1.0928
3/25/1999,1.0898
3/26/1999,1.0815
3/29/1999,1.0692
3/30/1999,1.0711
3/31/1999,1.0742
4/1/1999,1.0772
4/2/1999,1.0772
4/5/1999,1.0752
4/6/1999,1.0726
4/7/1999,1.0812
4/8/1999,1.0818
4/9/1999,1.0778
4/12/1999,1.0867
4/13/1999,1.0765
4/14/1999,1.0787
4/15/1999,1.0786
4/16/1999,1.0668
4/19/1999,1.0636
4/20/1999,1.0646
4/21/1999,1.0586
4/22/1999,1.0581
4/23/1999,1.0634
4/26/1999,1.0614
4/27/1999,1.063
4/28/1999,1.0666
4/29/1999,1.0604
4/30/1999,1.0597
5/3/1999,1.0589
5/4/1999,1.0564
5/5/1999,1.0667
5/6/1999,1.0799
5/7/1999,1.0786
5/10/1999,1.0735
5/11/1999,1.0732
5/12/1999,1.0645
5/13/1999,1.0622
5/14/1999,1.0676
5/17/1999,1.0685
5/18/1999,1.069
5/19/1999,1.0634
5/20/1999,1.0639
5/21/1999,1.0572
5/24/1999,1.0585
5/25/1999,1.0627
5/26/1999,1.0535
5/27/1999,1.0473
5/28/1999,1.0479
5/31/1999,1.0456
6/1/1999,1.0434
6/2/1999,1.0382
6/3/1999,1.0382
6/4/1999,1.0315
6/7/1999,1.0316
6/8/1999,1.0385
6/9/1999,1.0466
6/10/1999,1.0474
6/11/1999,1.0474
6/14/1999,1.0437
6/15/1999,1.0392
6/16/1999,1.0345
6/17/1999,1.034
6/18/1999,1.0388
6/21/1999,1.0339
6/22/1999,1.0313
6/23/1999,1.028
6/24/1999,1.0321
6/25/1999,1.0443
6/28/1999,1.0388
6/29/1999,1.0364
6/30/1999,1.0328
7/1/1999,1.0264
7/2/1999,1.0241
7/5/1999,1.0232
7/6/1999,1.0221
7/7/1999,1.0222
7/8/1999,1.0182
7/9/1999,1.0204
7/12/1999,1.0124
7/13/1999,1.0183
7/14/1999,1.0168
7/15/1999,1.0201
7/16/1999,1.0202
7/19/1999,1.0146
7/20/1999,1.041
7/21/1999,1.0462
7/22/1999,1.0499
7/23/1999,1.0496
7/26/1999,1.0698
7/27/1999,1.0627
7/28/1999,1.0603
7/29/1999,1.068
7/30/1999,1.0694
8/2/1999,1.0665
8/3/1999,1.0645
8/4/1999,1.0761
8/5/1999,1.0791
8/6/1999,1.074
8/9/1999,1.0705
8/10/1999,1.0737
8/11/1999,1.0668
8/12/1999,1.0638
8/13/1999,1.0667
8/16/1999,1.0553
8/17/1999,1.0527
8/18/1999,1.0517
8/19/1999,1.0517
8/20/1999,1.0667
8/23/1999,1.0606
8/24/1999,1.0512
8/25/1999,1.0433
8/26/1999,1.0452
8/27/1999,1.045
8/30/1999,1.0454
8/31/1999,1.0573
9/1/1999,1.0613
9/2/1999,1.0662
9/3/1999,1.0682
9/6/1999,1.0594
9/7/1999,1.0565
9/8/1999,1.0613
9/9/1999,1.0592
9/10/1999,1.052
9/13/1999,1.0342
9/14/1999,1.0362
9/15/1999,1.0369
9/16/1999,1.0372
9/17/1999,1.0397
9/20/1999,1.0406
9/21/1999,1.0388
9/22/1999,1.0509
9/23/1999,1.043
9/24/1999,1.0476
9/27/1999,1.0414
9/28/1999,1.0483
9/29/1999,1.0563
9/30/1999,1.0665
10/1/1999,1.0728
10/4/1999,1.0719
10/5/1999,1.0686
10/6/1999,1.0737
10/7/1999,1.0729
10/8/1999,1.0657
10/11/1999,1.0631
10/12/1999,1.0668
10/13/1999,1.0778
10/14/1999,1.0758
10/15/1999,1.0869
10/18/1999,1.0868
10/19/1999,1.0818
10/20/1999,1.0777
10/21/1999,1.0797
10/22/1999,1.0758
10/25/1999,1.0683
10/26/1999,1.0633
10/27/1999,1.0552
10/28/1999,1.0534
10/29/1999,1.0453
11/1/1999,1.0572
11/2/1999,1.0507
11/3/1999,1.0491
11/4/1999,1.0504
11/5/1999,1.0408
11/8/1999,1.0405
11/9/1999,1.0424
11/10/1999,1.0402
11/11/1999,1.0406
11/12/1999,1.0308
11/15/1999,1.0301
11/16/1999,1.0336
11/17/1999,1.0408
11/18/1999,1.038
11/19/1999,1.0279
11/22/1999,1.0311
11/23/1999,1.0315
11/24/1999,1.0215
11/25/1999,1.0194
11/26/1999,1.0101
11/29/1999,1.0077
11/30/1999,1.0097
12/1/1999,1.0091
12/2/1999,1.0057
12/3/1999,1.0015
12/6/1999,1.0182
12/7/1999,1.0239
12/8/1999,1.0236
12/9/1999,1.0175
12/10/1999,1.0141
12/13/1999,1.0128
12/14/1999,1.0038
12/15/1999,1.0021
12/16/1999,1.0146
12/17/1999,1.0128
12/20/1999,1.0096
12/21/1999,1.0084
12/22/1999,1.0074
12/23/1999,1.0089
12/24/1999,1.0142
12/27/1999,1.0134
12/28/1999,1.0089
12/29/1999,1.0072
12/30/1999,1.0046
1/3/2000,1.009
1/4/2000,1.0305
1/5/2000,1.0368
1/6/2000,1.0388
1/7/2000,1.0284
1/10/2000,1.0229
1/11/2000,1.0256
1/12/2000,1.0308
1/13/2000,1.0276
1/14/2000,1.0225
1/17/2000,1.0094
1/18/2000,1.0093
1/19/2000,1.0105
1/20/2000,1.0089
1/21/2000,1.0097
1/24/2000,1.0027
1/25/2000,1.0008
1/26/2000,1.0019
1/27/2000,0.9976
1/28/2000,0.9848
1/31/2000,0.9791
2/1/2000,0.971
2/2/2000,0.9717
2/3/2000,0.9748
2/4/2000,0.9835
2/7/2000,0.9767
2/8/2000,0.9903
2/9/2000,0.9934
2/10/2000,0.9868
2/11/2000,0.9801
2/14/2000,0.9867
2/15/2000,0.9778
2/16/2000,0.9804
2/17/2000,0.9919
2/18/2000,0.9857
2/21/2000,0.9857
2/22/2000,1.0022
2/23/2000,1.0068
2/24/2000,0.9898
2/25/2000,0.9813
2/28/2000,0.9639
2/29/2000,0.9714
3/1/2000,0.9667
3/2/2000,0.9725
3/3/2000,0.9659
3/6/2000,0.964
3/7/2000,0.9593
3/8/2000,0.9543
3/9/2000,0.9616
3/10/2000,0.9613
3/13/2000,0.9716
3/14/2000,0.962
3/15/2000,0.9647
3/16/2000,0.9663
3/17/2000,0.9672
3/20/2000,0.9715
3/21/2000,0.9701
3/22/2000,0.9603
3/23/2000,0.9656
3/24/2000,0.9715
3/27/2000,0.9712
3/28/2000,0.9647
3/29/2000,0.9568
3/30/2000,0.9555
3/31/2000,0.9553
4/3/2000,0.9564
4/4/2000,0.9538
4/5/2000,0.9673
4/6/2000,0.9625
4/7/2000,0.9564
4/10/2000,0.959
4/11/2000,0.9594
4/12/2000,0.9576
4/13/2000,0.9537
4/14/2000,0.954
4/17/2000,0.9573
4/18/2000,0.9497
4/19/2000,0.9461
4/20/2000,0.9376
4/25/2000,0.9302
4/26/2000,0.9193
4/27/2000,0.9163
4/28/2000,0.9085
5/2/2000,0.9116
5/3/2000,0.8913
5/4/2000,0.8947
5/5/2000,0.8984
5/8/2000,0.8952
5/9/2000,0.8978
5/10/2000,0.9107
5/11/2000,0.9079
5/12/2000,0.9029
5/15/2000,0.9147
5/16/2000,0.9065
5/17/2000,0.8922
5/18/2000,0.8942
5/19/2000,0.8875
5/22/2000,0.9
5/23/2000,0.9111
5/24/2000,0.9098
5/25/2000,0.8981
5/26/2000,0.9143
5/29/2000,0.9262
5/30/2000,0.9359
5/31/2000,0.9303
6/1/2000,0.933
6/2/2000,0.9355
6/5/2000,0.9433
6/6/2000,0.9485
6/7/2000,0.9554
6/8/2000,0.9668
6/9/2000,0.949
6/12/2000,0.9527
6/13/2000,0.9583
6/14/2000,0.9636
6/15/2000,0.9524
6/16/2000,0.9565
6/19/2000,0.964
6/20/2000,0.9538
6/21/2000,0.947
6/22/2000,0.9405
6/23/2000,0.9413
6/26/2000,0.9327
6/27/2000,0.9401
6/28/2000,0.9415
6/29/2000,0.9504
6/30/2000,0.9556
7/3/2000,0.9493
7/4/2000,0.9487
7/5/2000,0.9537
7/6/2000,0.9542
7/7/2000,0.9483
7/10/2000,0.9523
7/11/2000,0.9527
7/12/2000,0.9499
7/13/2000,0.9349
7/14/2000,0.9344
7/17/2000,0.9352
7/18/2000,0.9353
7/19/2000,0.9216
7/20/2000,0.922
7/21/2000,0.9363
7/24/2000,0.9332
7/25/2000,0.941
7/26/2000,0.939
7/27/2000,0.9389
7/28/2000,0.9276
7/31/2000,0.9243
8/1/2000,0.9264
8/2/2000,0.9142
8/3/2000,0.9028
8/4/2000,0.9031
8/7/2000,0.9084
8/8/2000,0.9047
8/9/2000,0.8973
8/10/2000,0.9031
8/11/2000,0.9132
8/14/2000,0.9011
8/15/2000,0.9118
8/16/2000,0.9072
8/17/2000,0.914
8/18/2000,0.9127
8/21/2000,0.9023
8/22/2000,0.8972
8/23/2000,0.8918
8/24/2000,0.9012
8/25/2000,0.9021
8/28/2000,0.9007
8/29/2000,0.8965
8/30/2000,0.8909
8/31/2000,0.8906
9/1/2000,0.8902
9/4/2000,0.9
9/5/2000,0.8886
9/6/2000,0.8818
9/7/2000,0.8676
9/8/2000,0.8735
9/11/2000,0.8609
9/12/2000,0.8614
9/13/2000,0.8654
9/14/2000,0.8693
9/15/2000,0.8615
9/18/2000,0.8526
9/19/2000,0.8541
9/20/2000,0.8476
9/21/2000,0.8524
9/22/2000,0.889
9/25/2000,0.877
9/26/2000,0.8757
9/27/2000,0.8861
9/28/2000,0.8832
9/29/2000,0.8765
10/2/2000,0.8802
10/3/2000,0.8763
10/4/2000,0.873
10/5/2000,0.8786
10/6/2000,0.8703
10/9/2000,0.8695
10/10/2000,0.8721
10/11/2000,0.872
10/12/2000,0.8648
10/13/2000,0.8627
10/16/2000,0.8511
10/17/2000,0.8496
10/18/2000,0.8525
10/19/2000,0.8411
10/20/2000,0.8452
10/23/2000,0.8377
10/24/2000,0.8386
10/25/2000,0.8307
10/26/2000,0.8252
10/27/2000,0.8324
10/30/2000,0.8482
10/31/2000,0.8417
11/1/2000,0.8554
11/2/2000,0.8646
11/3/2000,0.873
11/6/2000,0.8667
11/7/2000,0.8587
11/8/2000,0.8559
11/9/2000,0.8531
11/10/2000,0.8673
11/13/2000,0.862
11/14/2000,0.8583
11/15/2000,0.8596
11/16/2000,0.8569
11/17/2000,0.8535
11/20/2000,0.8488
11/21/2000,0.8474
11/22/2000,0.8429
11/23/2000,0.8427
11/24/2000,0.8436
11/27/2000,0.8406
11/28/2000,0.8561
11/29/2000,0.865
11/30/2000,0.8684
12/1/2000,0.8735
12/4/2000,0.8908
12/5/2000,0.881
12/6/2000,0.8828
12/7/2000,0.8943
12/8/2000,0.8895
12/11/2000,0.8804
12/12/2000,0.8782
12/13/2000,0.8748
12/14/2000,0.8839
12/15/2000,0.8984
12/18/2000,0.8966
12/19/2000,0.8903
12/20/2000,0.9059
12/21/2000,0.9146
12/22/2000,0.924
12/27/2000,0.931
12/28/2000,0.9285
12/29/2000,0.9305
1/2/2001,0.9423
1/3/2001,0.953
1/4/2001,0.9458
1/5/2001,0.9545
1/8/2001,0.9497
1/9/2001,0.9401
1/10/2001,0.9412
1/11/2001,0.9523
1/12/2001,0.9545
1/15/2001,0.9428
1/16/2001,0.9412
1/17/2001,0.9396
1/18/2001,0.9404
1/19/2001,0.94
1/22/2001,0.929
1/23/2001,0.9407
1/24/2001,0.9294
1/25/2001,0.9146
1/26/2001,0.9228
1/29/2001,0.9193
1/30/2001,0.9197
1/31/2001,0.9293
2/1/2001,0.9406
2/2/2001,0.9407
2/5/2001,0.9425
2/6/2001,0.9322
2/7/2001,0.9325
2/8/2001,0.922
2/9/2001,0.9227
2/12/2001,0.9288
2/13/2001,0.9275
2/14/2001,0.9178
2/15/2001,0.909
2/16/2001,0.9113
2/19/2001,0.9213
2/20/2001,0.907
2/21/2001,0.9146
2/22/2001,0.9056
2/23/2001,0.9064
2/26/2001,0.9105
2/27/2001,0.9163
2/28/2001,0.9248
3/1/2001,0.9269
3/2/2001,0.9363
3/5/2001,0.9305
3/6/2001,0.9279
3/7/2001,0.9307
3/8/2001,0.9312
3/9/2001,0.9357
3/12/2001,0.9272
3/13/2001,0.9202
3/14/2001,0.9182
3/15/2001,0.9064
3/16/2001,0.8947
3/19/2001,0.8996
3/20/2001,0.902
3/21/2001,0.899
3/22/2001,0.8889
3/23/2001,0.8922
3/26/2001,0.8935
3/27/2001,0.8952
3/28/2001,0.886
3/29/2001,0.884
3/30/2001,0.8832
4/2/2001,0.8772
4/3/2001,0.8845
4/4/2001,0.9032
4/5/2001,0.902
4/6/2001,0.894
4/9/2001,0.9018
4/10/2001,0.8945
4/11/2001,0.884
4/12/2001,0.8849
4/17/2001,0.8791
4/18/2001,0.8778
4/19/2001,0.8827
4/20/2001,0.8989
4/23/2001,0.9002
4/24/2001,0.8973
4/25/2001,0.8947
4/26/2001,0.9013
4/27/2001,0.9023
4/30/2001,0.8876
5/2/2001,0.8907
5/3/2001,0.8903
5/4/2001,0.8939
5/7/2001,0.8919
5/8/2001,0.8866
5/9/2001,0.8827
5/10/2001,0.885
5/11/2001,0.8773
5/14/2001,0.8745
5/15/2001,0.8768
5/16/2001,0.8834
5/17/2001,0.8815
5/18/2001,0.8777
5/21/2001,0.8754
5/22/2001,0.8685
5/23/2001,0.8585
5/24/2001,0.8604
5/25/2001,0.8591
5/28/2001,0.8584
5/29/2001,0.8552
5/30/2001,0.8558
5/31/2001,0.848
6/1/2001,0.8478
6/4/2001,0.8513
6/5/2001,0.8465
6/6/2001,0.8543
6/7/2001,0.8466
6/8/2001,0.8468
6/11/2001,0.8494
6/12/2001,0.8474
6/13/2001,0.8542
6/14/2001,0.8492
6/15/2001,0.8662
6/18/2001,0.8581
6/19/2001,0.8563
6/20/2001,0.8513
6/21/2001,0.8552
6/22/2001,0.8528
6/25/2001,0.8607
6/26/2001,0.8611
6/27/2001,0.8622
6/28/2001,0.8511
6/29/2001,0.848
7/2/2001,0.8455
7/3/2001,0.8497
7/4/2001,0.8453
7/5/2001,0.8422
7/6/2001,0.8384
7/9/2001,0.8459
7/10/2001,0.8545
7/11/2001,0.8611
7/12/2001,0.8538
7/13/2001,0.8539
7/16/2001,0.8583
7/17/2001,0.8516
7/18/2001,0.863
7/19/2001,0.8723
7/20/2001,0.8776
7/23/2001,0.8676
7/24/2001,0.8708
7/25/2001,0.8793
7/26/2001,0.8764
7/27/2001,0.8768
7/30/2001,0.8751
7/31/2001,0.8755
8/1/2001,0.8817
8/2/2001,0.8788
8/3/2001,0.8806
8/6/2001,0.8805
8/7/2001,0.8768
8/8/2001,0.8763
8/9/2001,0.8853
8/10/2001,0.8936
8/13/2001,0.8991
8/14/2001,0.8968
8/15/2001,0.9114
8/16/2001,0.9144
8/17/2001,0.9138
8/20/2001,0.9149
8/21/2001,0.9128
8/22/2001,0.9216
8/23/2001,0.9112
8/24/2001,0.9108
8/27/2001,0.909
8/28/2001,0.9042
8/29/2001,0.9122
8/30/2001,0.9095
8/31/2001,0.9158
9/3/2001,0.9072
9/4/2001,0.897
9/5/2001,0.8891
9/6/2001,0.8855
9/7/2001,0.8952
9/10/2001,0.9047
9/11/2001,0.8964
9/12/2001,0.9052
9/13/2001,0.906
9/14/2001,0.9219
9/17/2001,0.9269
9/18/2001,0.9256
9/19/2001,0.9258
9/20/2001,0.9259
9/21/2001,0.92
9/24/2001,0.9164
9/25/2001,0.9176
9/26/2001,0.9219
9/27/2001,0.9205
9/28/2001,0.9131
10/1/2001,0.9125
10/2/2001,0.9189
10/3/2001,0.9209
10/4/2001,0.9117
10/5/2001,0.9174
10/8/2001,0.9214
10/9/2001,0.9193
10/10/2001,0.9136
10/11/2001,0.9062
10/12/2001,0.904
10/15/2001,0.9097
10/16/2001,0.9052
10/17/2001,0.9022
10/18/2001,0.9026
10/19/2001,0.9009
10/22/2001,0.8969
10/23/2001,0.8887
10/24/2001,0.8917
10/25/2001,0.8889
10/26/2001,0.8911
10/29/2001,0.9005
10/30/2001,0.9064
10/31/2001,0.9042
11/1/2001,0.9097
11/2/2001,0.9056
11/5/2001,0.8961
11/6/2001,0.8961
11/7/2001,0.9014
11/8/2001,0.8972
11/9/2001,0.893
11/12/2001,0.8919
11/13/2001,0.8842
11/14/2001,0.8803
11/15/2001,0.8825
11/16/2001,0.8845
11/19/2001,0.8793
11/20/2001,0.8824
11/21/2001,0.8791
11/22/2001,0.8778
11/23/2001,0.8795
11/26/2001,0.8818
11/27/2001,0.8788
11/28/2001,0.8831
11/29/2001,0.8887
11/30/2001,0.8898
12/3/2001,0.8925
12/4/2001,0.8902
12/5/2001,0.8919
12/6/2001,0.8889
12/7/2001,0.8911
12/10/2001,0.885
12/11/2001,0.8908
12/12/2001,0.8938
12/13/2001,0.8975
12/14/2001,0.9016
12/17/2001,0.9049
12/18/2001,0.9012
12/19/2001,0.8983
12/20/2001,0.8973
12/21/2001,0.8943
12/24/2001,0.8798
12/27/2001,0.8823
12/28/2001,0.8813
1/2/2002,0.9038
1/3/2002,0.9036
1/4/2002,0.8954
1/7/2002,0.8905
1/8/2002,0.8909
1/9/2002,0.8921
1/10/2002,0.8909
1/11/2002,0.8919
1/14/2002,0.8927
1/15/2002,0.8922
1/16/2002,0.8817
1/17/2002,0.8819
1/18/2002,0.881
1/21/2002,0.884
1/22/2002,0.883
1/23/2002,0.8856
1/24/2002,0.8767
1/25/2002,0.8663
1/28/2002,0.8578
1/29/2002,0.8624
1/30/2002,0.8642
1/31/2002,0.8637
2/1/2002,0.8632
2/4/2002,0.8644
2/5/2002,0.8683
2/6/2002,0.8664
2/7/2002,0.8664
2/8/2002,0.874
2/11/2002,0.8794
2/12/2002,0.8753
2/13/2002,0.8731
2/14/2002,0.8693
2/15/2002,0.8705
2/18/2002,0.8715
2/19/2002,0.8692
2/20/2002,0.8743
2/21/2002,0.8701
2/22/2002,0.8747
2/25/2002,0.8724
2/26/2002,0.8682
2/27/2002,0.8649
2/28/2002,0.8651
3/1/2002,0.8679
3/4/2002,0.8649
3/5/2002,0.8682
3/6/2002,0.8712
3/7/2002,0.8764
3/8/2002,0.8797
3/11/2002,0.8741
3/12/2002,0.8733
3/13/2002,0.8734
3/14/2002,0.8803
3/15/2002,0.8853
3/18/2002,0.8792
3/19/2002,0.8829
3/20/2002,0.8814
3/21/2002,0.8817
3/22/2002,0.8795
3/25/2002,0.8759
3/26/2002,0.8737
3/27/2002,0.8746
3/28/2002,0.8724
4/2/2002,0.8786
4/3/2002,0.8803
4/4/2002,0.8818
4/5/2002,0.8786
4/8/2002,0.8778
4/9/2002,0.8763
4/10/2002,0.8798
4/11/2002,0.8794
4/12/2002,0.8803
4/15/2002,0.8802
4/16/2002,0.8803
4/17/2002,0.888
4/18/2002,0.8895
4/19/2002,0.8886
4/22/2002,0.8882
4/23/2002,0.8872
4/24/2002,0.8892
4/25/2002,0.8969
4/26/2002,0.8971
4/29/2002,0.9038
4/30/2002,0.9008
5/2/2002,0.9032
5/3/2002,0.9083
5/6/2002,0.9144
5/7/2002,0.9125
5/8/2002,0.9088
5/9/2002,0.9061
5/10/2002,0.9118
5/13/2002,0.9118
5/14/2002,0.9062
5/15/2002,0.903
5/16/2002,0.9124
5/17/2002,0.9152
5/20/2002,0.9202
5/21/2002,0.9213
5/22/2002,0.926
5/23/2002,0.9213
5/24/2002,0.9188
5/27/2002,0.919
5/28/2002,0.9255
5/29/2002,0.932
5/30/2002,0.9375
5/31/2002,0.9387
6/3/2002,0.9313
6/4/2002,0.9435
6/5/2002,0.9371
6/6/2002,0.9386
6/7/2002,0.9452
6/10/2002,0.9459
6/11/2002,0.9417
6/12/2002,0.9452
6/13/2002,0.9417
6/14/2002,0.9478
6/17/2002,0.9426
6/18/2002,0.9484
6/19/2002,0.9561
6/20/2002,0.9592
6/21/2002,0.9636
6/24/2002,0.9781
6/25/2002,0.9712
6/26/2002,0.9917
6/27/2002,0.9824
6/28/2002,0.9975
7/1/2002,0.9913
7/2/2002,0.9838
7/3/2002,0.978
7/4/2002,0.979
7/5/2002,0.9725
7/8/2002,0.9828
7/9/2002,0.993
7/10/2002,0.9898
7/11/2002,0.9836
7/12/2002,0.9873
7/15/2002,1.0024
7/16/2002,1.0127
7/17/2002,1.0064
7/18/2002,1.0058
7/19/2002,1.0146
7/22/2002,1.0086
7/23/2002,0.991
7/24/2002,0.9915
7/25/2002,1.0014
7/26/2002,1.0008
7/29/2002,0.9821
7/30/2002,0.9835
7/31/2002,0.9783
8/1/2002,0.976
8/2/2002,0.9873
8/5/2002,0.9836
8/6/2002,0.9689
8/7/2002,0.9698
8/8/2002,0.9687
8/9/2002,0.9729
8/12/2002,0.978
8/13/2002,0.9799
8/14/2002,0.9857
8/15/2002,0.9777
8/16/2002,0.9825
8/19/2002,0.9799
8/20/2002,0.9792
8/21/2002,0.9762
8/22/2002,0.977
8/23/2002,0.9697
8/26/2002,0.9701
8/27/2002,0.9774
8/28/2002,0.9826
8/29/2002,0.9843
8/30/2002,0.9833
9/2/2002,0.9821
9/3/2002,0.991
9/4/2002,0.9947
9/5/2002,0.9975
9/6/2002,0.9918
9/9/2002,0.9794
9/10/2002,0.976
9/11/2002,0.9749
9/12/2002,0.9757
9/13/2002,0.981
9/16/2002,0.9683
9/17/2002,0.9649
9/18/2002,0.9725
9/19/2002,0.9814
9/20/2002,0.979
9/23/2002,0.9831
9/24/2002,0.9828
9/25/2002,0.9771
9/26/2002,0.9796
9/27/2002,0.9779
9/30/2002,0.986
10/1/2002,0.9861
10/2/2002,0.9835
10/3/2002,0.989
10/4/2002,0.9865
10/7/2002,0.9808
10/8/2002,0.98
10/9/2002,0.9814
10/10/2002,0.9875
10/11/2002,0.9857
10/14/2002,0.9873
10/15/2002,0.981
10/16/2002,0.9823
10/17/2002,0.9763
10/18/2002,0.9735
10/21/2002,0.9748
10/22/2002,0.9768
10/23/2002,0.9775
10/24/2002,0.9738
10/25/2002,0.9763
10/28/2002,0.9745
10/29/2002,0.982
10/30/2002,0.9825
10/31/2002,0.9864
11/1/2002,0.9974
11/4/2002,0.9944
11/5/2002,1.0024
11/6/2002,0.9955
11/7/2002,1.0013
11/8/2002,1.0107
11/11/2002,1.0126
11/12/2002,1.0081
11/13/2002,1.0068
11/14/2002,1.0095
11/15/2002,1.0029
11/18/2002,1.0065
11/19/2002,1.0125
11/20/2002,1.0019
11/21/2002,1.0034
11/22/2002,1.0024
11/25/2002,0.9905
11/26/2002,0.991
11/27/2002,0.9927
11/28/2002,0.9934
11/29/2002,0.9927
12/2/2002,0.9871
12/3/2002,0.9967
12/4/2002,1.0018
12/5/2002,0.9991
12/6/2002,1.0006
12/9/2002,1.0093
12/10/2002,1.0111
12/11/2002,1.0067
12/12/2002,1.0156
12/13/2002,1.0221
12/16/2002,1.0212
12/17/2002,1.0307
12/18/2002,1.024
12/19/2002,1.0273
12/20/2002,1.0255
12/23/2002,1.0282
12/24/2002,1.0296
12/27/2002,1.0376
12/30/2002,1.0422
12/31/2002,1.0487
1/2/2003,1.0446
1/3/2003,1.0392
1/6/2003,1.0488
1/7/2003,1.0425
1/8/2003,1.0377
1/9/2003,1.0507
1/10/2003,1.0503
1/13/2003,1.0549
1/14/2003,1.0577
1/15/2003,1.0526
1/16/2003,1.0564
1/17/2003,1.0652
1/20/2003,1.0653
1/21/2003,1.0653
1/22/2003,1.0718
1/23/2003,1.0757
1/24/2003,1.0784
1/27/2003,1.087
1/28/2003,1.0808
1/29/2003,1.0868
1/30/2003,1.0748
1/31/2003,1.0816
2/3/2003,1.0729
2/4/2003,1.0822
2/5/2003,1.091
2/6/2003,1.0813
2/7/2003,1.0789
2/10/2003,1.0808
2/11/2003,1.0706
2/12/2003,1.0731
2/13/2003,1.0758
2/14/2003,1.0793
2/17/2003,1.0716
2/18/2003,1.0714
2/19/2003,1.0717
2/20/2003,1.0763
2/21/2003,1.0838
2/24/2003,1.0721
2/25/2003,1.0774
2/26/2003,1.0753
2/27/2003,1.0822
2/28/2003,1.0782
3/3/2003,1.08
3/4/2003,1.0919
3/5/2003,1.0966
3/6/2003,1.0963
3/7/2003,1.1039
3/10/2003,1.1042
3/11/2003,1.108
3/12/2003,1.1028
3/13/2003,1.0864
3/14/2003,1.0775
3/17/2003,1.0801
3/18/2003,1.0586
3/19/2003,1.057
3/20/2003,1.0592
3/21/2003,1.0572
3/24/2003,1.0634
3/25/2003,1.0691
3/26/2003,1.0667
3/27/2003,1.0723
3/28/2003,1.073
3/31/2003,1.0895
4/1/2003,1.0891
4/2/2003,1.083
4/3/2003,1.0702
4/4/2003,1.072
4/7/2003,1.0582
4/8/2003,1.066
4/9/2003,1.0742
4/10/2003,1.0805
4/11/2003,1.0735
4/14/2003,1.0737
4/15/2003,1.0784
4/16/2003,1.0836
4/17/2003,1.092
4/22/2003,1.0971
4/23/2003,1.0944
4/24/2003,1.1008
4/25/2003,1.0973
4/28/2003,1.1025
4/29/2003,1.0956
4/30/2003,1.1131
5/2/2003,1.1239
5/5/2003,1.1218
5/6/2003,1.1344
5/7/2003,1.1427
5/8/2003,1.1435
5/9/2003,1.1466
5/12/2003,1.1597
5/13/2003,1.1518
5/14/2003,1.1499
5/15/2003,1.1458
5/16/2003,1.1492
5/19/2003,1.1652
5/20/2003,1.1644
5/21/2003,1.1689
5/22/2003,1.172
5/23/2003,1.179
5/26/2003,1.1813
5/27/2003,1.1901
5/28/2003,1.1738
5/29/2003,1.1756
5/30/2003,1.1822
6/2/2003,1.1672
6/3/2003,1.1723
6/4/2003,1.1691
6/5/2003,1.1775
6/6/2003,1.1813
6/9/2003,1.1726
6/10/2003,1.1699
6/11/2003,1.1748
6/12/2003,1.1734
6/13/2003,1.1751
6/16/2003,1.1854
6/17/2003,1.1797
6/18/2003,1.1699
6/19/2003,1.1655
6/20/2003,1.1655
6/23/2003,1.1539
6/24/2003,1.1565
6/25/2003,1.1551
6/26/2003,1.1432
6/27/2003,1.1413
6/30/2003,1.1427
7/1/2003,1.1543
7/2/2003,1.1535
7/3/2003,1.1457
7/4/2003,1.1466
7/7/2003,1.136
7/8/2003,1.1326
7/9/2003,1.1355
7/10/2003,1.1342
7/11/2003,1.1315
7/14/2003,1.1299
7/15/2003,1.1319
7/16/2003,1.1138
7/17/2003,1.1231
7/18/2003,1.1205
7/21/2003,1.1284
7/22/2003,1.1343
7/23/2003,1.1401
7/24/2003,1.1467
7/25/2003,1.1477
7/28/2003,1.1489
7/29/2003,1.1462
7/30/2003,1.142
7/31/2003,1.1318
8/1/2003,1.1169
8/4/2003,1.1307
8/5/2003,1.1333
8/6/2003,1.1392
8/7/2003,1.1353
8/8/2003,1.1326
8/11/2003,1.1295
8/12/2003,1.1312
8/13/2003,1.1277
8/14/2003,1.127
8/15/2003,1.1247
8/18/2003,1.1188
8/19/2003,1.1065
8/20/2003,1.1109
8/21/2003,1.1009
8/22/2003,1.0894
8/25/2003,1.0888
8/26/2003,1.0816
8/27/2003,1.0907
8/28/2003,1.0828
8/29/2003,1.0927
9/1/2003,1.0965
9/2/2003,1.0849
9/3/2003,1.0783
9/4/2003,1.0818
9/5/2003,1.0923
9/8/2003,1.1071
9/9/2003,1.1135
9/10/2003,1.1172
9/11/2003,1.1217
9/12/2003,1.1172
9/15/2003,1.1281
9/16/2003,1.1235
9/17/2003,1.1212
9/18/2003,1.129
9/19/2003,1.1312
9/22/2003,1.1468
9/23/2003,1.1464
9/24/2003,1.1466
9/25/2003,1.1493
9/26/2003,1.1487
9/29/2003,1.1413
9/30/2003,1.1652
10/1/2003,1.1671
10/2/2003,1.1692
10/3/2003,1.1686
10/6/2003,1.1579
10/7/2003,1.1768
10/8/2003,1.1781
10/9/2003,1.1788
10/10/2003,1.1788
10/13/2003,1.1688
10/14/2003,1.1634
10/15/2003,1.1669
10/16/2003,1.1615
10/17/2003,1.1579
10/20/2003,1.1629
10/21/2003,1.1623
10/22/2003,1.1694
10/23/2003,1.1786
10/24/2003,1.1781
10/27/2003,1.1748
10/28/2003,1.1673
10/29/2003,1.1684
10/30/2003,1.1736
10/31/2003,1.1622
11/3/2003,1.1589
11/4/2003,1.1468
11/5/2003,1.1473
11/6/2003,1.1449
11/7/2003,1.1424
11/10/2003,1.1483
11/11/2003,1.1497
11/12/2003,1.16
11/13/2003,1.168
11/14/2003,1.1765
11/17/2003,1.1802
11/18/2003,1.1778
11/19/2003,1.191
11/20/2003,1.1909
11/21/2003,1.1899
11/24/2003,1.1823
11/25/2003,1.1766
11/26/2003,1.1828
11/27/2003,1.1902
11/28/2003,1.1994
12/1/2003,1.2019
12/2/2003,1.1975
12/3/2003,1.2102
12/4/2003,1.2074
12/5/2003,1.2087
12/8/2003,1.2218
12/9/2003,1.2258
12/10/2003,1.2239
12/11/2003,1.2187
12/12/2003,1.2254
12/15/2003,1.223
12/16/2003,1.2339
12/17/2003,1.2337
12/18/2003,1.2403
12/19/2003,1.2418
12/22/2003,1.2434
12/23/2003,1.2392
12/24/2003,1.2407
12/29/2003,1.2499
12/30/2003,1.2496
12/31/2003,1.263
1/2/2004,1.2592
1/5/2004,1.2657
1/6/2004,1.2756
1/7/2004,1.2679
1/8/2004,1.2634
1/9/2004,1.2737
1/12/2004,1.2828
1/13/2004,1.2749
1/14/2004,1.2692
1/15/2004,1.2635
1/16/2004,1.2493
1/19/2004,1.2373
1/20/2004,1.2536
1/21/2004,1.2607
1/22/2004,1.271
1/23/2004,1.2692
1/26/2004,1.2575
1/27/2004,1.2517
1/28/2004,1.2563
1/29/2004,1.2468
1/30/2004,1.2384
2/2/2004,1.2461
2/3/2004,1.2585
2/4/2004,1.2524
2/5/2004,1.2583
2/6/2004,1.2529
2/9/2004,1.2713
2/10/2004,1.2764
2/11/2004,1.268
2/12/2004,1.2802
2/13/2004,1.2816
2/16/2004,1.2741
2/17/2004,1.2858
2/18/2004,1.2824
2/19/2004,1.2724
2/20/2004,1.2663
2/23/2004,1.2576
2/24/2004,1.2595
2/25/2004,1.2629
2/26/2004,1.2444
2/27/2004,1.2418
3/1/2004,1.2484
3/2/2004,1.2402
3/3/2004,1.2143
3/4/2004,1.2147
3/5/2004,1.2192
3/8/2004,1.2356
3/9/2004,1.2361
3/10/2004,1.2299
3/11/2004,1.2256
3/12/2004,1.2235
3/15/2004,1.2278
3/16/2004,1.235
3/17/2004,1.2251
3/18/2004,1.2261
3/19/2004,1.2344
3/22/2004,1.2353
3/23/2004,1.2276
3/24/2004,1.2196
3/25/2004,1.2132
3/26/2004,1.2173
3/29/2004,1.2118
3/30/2004,1.2187
3/31/2004,1.2224
4/1/2004,1.232
4/2/2004,1.2318
4/5/2004,1.2058
4/6/2004,1.209
4/7/2004,1.2101
4/8/2004,1.2096
4/13/2004,1.1975
4/14/2004,1.1924
4/15/2004,1.1912
4/16/2004,1.1932
4/19/2004,1.2044
4/20/2004,1.1926
4/21/2004,1.1836
4/22/2004,1.1873
4/23/2004,1.1885
4/26/2004,1.1851
4/27/2004,1.1887
4/28/2004,1.1907
4/29/2004,1.1826
4/30/2004,1.1947
5/3/2004,1.1953
5/4/2004,1.2061
5/5/2004,1.2126
5/6/2004,1.2116
5/7/2004,1.2073
5/10/2004,1.1843
5/11/2004,1.1804
5/12/2004,1.1857
5/13/2004,1.1823
5/14/2004,1.1802
5/17/2004,1.2023
5/18/2004,1.1983
5/19/2004,1.1989
5/20/2004,1.1922
5/21/2004,1.2031
5/24/2004,1.1968
5/25/2004,1.2063
5/26/2004,1.2106
5/27/2004,1.2165
5/28/2004,1.2246
5/31/2004,1.2198
6/1/2004,1.2231
6/2/2004,1.2276
6/3/2004,1.2226
6/4/2004,1.2203
6/7/2004,1.2319
6/8/2004,1.2294
6/9/2004,1.2157
6/10/2004,1.2052
6/11/2004,1.2006
6/14/2004,1.2001
6/15/2004,1.2051
6/16/2004,1.2058
6/17/2004,1.2045
6/18/2004,1.2042
6/21/2004,1.2112
6/22/2004,1.2091
6/23/2004,1.2087
6/24/2004,1.2122
6/25/2004,1.2138
6/28/2004,1.2208
6/29/2004,1.2169
6/30/2004,1.2155
7/1/2004,1.2168
7/2/2004,1.2148
7/5/2004,1.2288
7/6/2004,1.2309
7/7/2004,1.2357
7/8/2004,1.2348
7/9/2004,1.2372
7/12/2004,1.2397
7/13/2004,1.2372
7/14/2004,1.2381
7/15/2004,1.2374
7/16/2004,1.2353
7/19/2004,1.2412
7/20/2004,1.2385
7/21/2004,1.2296
7/22/2004,1.2268
7/23/2004,1.2191
7/26/2004,1.2163
7/27/2004,1.2168
7/28/2004,1.2034
7/29/2004,1.2026
7/30/2004,1.2039
8/2/2004,1.2055
8/3/2004,1.2022
8/4/2004,1.1983
8/5/2004,1.2042
8/6/2004,1.2064
8/9/2004,1.2247
8/10/2004,1.2279
8/11/2004,1.2233
8/12/2004,1.2256
8/13/2004,1.2219
8/16/2004,1.2337
8/17/2004,1.2338
8/18/2004,1.2331
8/19/2004,1.2359
8/20/2004,1.2293
8/23/2004,1.225
8/24/2004,1.2139
8/25/2004,1.2081
8/26/2004,1.21
8/27/2004,1.2085
8/30/2004,1.2047
8/31/2004,1.2111
9/1/2004,1.2168
9/2/2004,1.2172
9/3/2004,1.2175
9/6/2004,1.2071
9/7/2004,1.2079
9/8/2004,1.2039
9/9/2004,1.2191
9/10/2004,1.2219
9/13/2004,1.2236
9/14/2004,1.2237
9/15/2004,1.2238
9/16/2004,1.2158
9/17/2004,1.2211
9/20/2004,1.2132
9/21/2004,1.2276
9/22/2004,1.2245
9/23/2004,1.2315
9/24/2004,1.2309
9/27/2004,1.2254
9/28/2004,1.2335
9/29/2004,1.2323
9/30/2004,1.2409
10/1/2004,1.2413
10/4/2004,1.2305
10/5/2004,1.2304
10/6/2004,1.2282
10/7/2004,1.2301
10/8/2004,1.2315
10/11/2004,1.2392
10/12/2004,1.2312
10/13/2004,1.2267
10/14/2004,1.2377
10/15/2004,1.2414
10/18/2004,1.2474
10/19/2004,1.2509
10/20/2004,1.259
10/21/2004,1.2606
10/22/2004,1.2606
10/25/2004,1.2792
10/26/2004,1.2784
10/27/2004,1.2792
10/28/2004,1.2711
10/29/2004,1.2737
11/1/2004,1.2748
11/2/2004,1.2705
11/3/2004,1.2754
11/4/2004,1.2874
11/5/2004,1.2856
11/8/2004,1.2917
11/9/2004,1.2911
11/10/2004,1.2977
11/11/2004,1.289
11/12/2004,1.2921
11/15/2004,1.2955
11/16/2004,1.2971
11/17/2004,1.3026
11/18/2004,1.3024
11/19/2004,1.302
11/22/2004,1.3033
11/23/2004,1.3089
11/24/2004,1.3146
11/25/2004,1.3213
11/26/2004,1.3238
11/29/2004,1.3247
11/30/2004,1.3295
12/1/2004,1.3294
12/2/2004,1.3314
12/3/2004,1.33
12/6/2004,1.3435
12/7/2004,1.3456
12/8/2004,1.33
12/9/2004,1.3305
12/10/2004,1.3191
12/13/2004,1.3268
12/14/2004,1.3317
12/15/2004,1.3383
12/16/2004,1.3401
12/17/2004,1.3264
12/20/2004,1.3378
12/21/2004,1.3394
12/22/2004,1.3384
12/23/2004,1.3456
12/24/2004,1.3542
12/27/2004,1.3527
12/28/2004,1.3633
12/29/2004,1.3608
12/30/2004,1.3604
12/31/2004,1.3621
1/3/2005,1.3507
1/4/2005,1.3365
1/5/2005,1.3224
1/6/2005,1.3183
1/7/2005,1.32
1/10/2005,1.3103
1/11/2005,1.3143
1/12/2005,1.3139
1/13/2005,1.3232
1/14/2005,1.3091
1/17/2005,1.3085
1/18/2005,1.306
1/19/2005,1.3083
1/20/2005,1.2936
1/21/2005,1.2963
1/24/2005,1.3065
1/25/2005,1.3025
1/26/2005,1.3005
1/27/2005,1.3026
1/28/2005,1.3035
1/31/2005,1.3035
2/1/2005,1.3027
2/2/2005,1.3061
2/3/2005,1.3001
2/4/2005,1.2958
2/7/2005,1.2844
2/8/2005,1.2764
2/9/2005,1.2762
2/10/2005,1.2777
2/11/2005,1.2855
2/14/2005,1.2967
2/15/2005,1.3016
2/16/2005,1.304
2/17/2005,1.3041
2/18/2005,1.3039
2/21/2005,1.3055
2/22/2005,1.3193
2/23/2005,1.3203
2/24/2005,1.326
2/25/2005,1.3165
2/28/2005,1.3257
3/1/2005,1.3216
3/2/2005,1.3101
3/3/2005,1.3144
3/4/2005,1.3115
3/7/2005,1.3197
3/8/2005,1.3246
3/9/2005,1.3346
3/10/2005,1.3409
3/11/2005,1.3416
3/14/2005,1.3372
3/15/2005,1.3383
3/16/2005,1.3373
3/17/2005,1.3378
3/18/2005,1.3279
3/21/2005,1.3199
3/22/2005,1.3175
3/23/2005,1.305
3/24/2005,1.2982
3/29/2005,1.2926
3/30/2005,1.2943
3/31/2005,1.2964
4/1/2005,1.2959
4/4/2005,1.2883
4/5/2005,1.281
4/6/2005,1.286
4/7/2005,1.2923
4/8/2005,1.2819
4/11/2005,1.2971
4/12/2005,1.2985
4/13/2005,1.2922
4/14/2005,1.282
4/15/2005,1.2868
4/18/2005,1.2967
4/19/2005,1.2996
4/20/2005,1.3049
4/21/2005,1.3058
4/22/2005,1.3077
4/25/2005,1.2966
4/26/2005,1.2981
4/27/2005,1.292
4/28/2005,1.2905
4/29/2005,1.2957
5/2/2005,1.2863
5/3/2005,1.2856
5/4/2005,1.2953
5/5/2005,1.2954
5/6/2005,1.2947
5/9/2005,1.2824
5/10/2005,1.2854
5/11/2005,1.2882
5/12/2005,1.2771
5/13/2005,1.2635
5/16/2005,1.2616
5/17/2005,1.2636
5/18/2005,1.2621
5/19/2005,1.2642
5/20/2005,1.2607
5/23/2005,1.2548
5/24/2005,1.2617
5/25/2005,1.2564
5/26/2005,1.2523
5/27/2005,1.2551
5/30/2005,1.2472
5/31/2005,1.2331
6/1/2005,1.2228
6/2/2005,1.2263
6/3/2005,1.2289
6/6/2005,1.2272
6/7/2005,1.2285
6/8/2005,1.2324
6/9/2005,1.2239
6/10/2005,1.2229
6/13/2005,1.2062
6/14/2005,1.211
6/15/2005,1.2069
6/16/2005,1.2115
6/17/2005,1.2177
6/20/2005,1.221
6/21/2005,1.2092
6/22/2005,1.2111
6/23/2005,1.2066
6/24/2005,1.2082
6/27/2005,1.2164
6/28/2005,1.2095
6/29/2005,1.2054
6/30/2005,1.2092
7/1/2005,1.2087
7/4/2005,1.1894
7/5/2005,1.1883
7/6/2005,1.1913
7/7/2005,1.1957
7/8/2005,1.1904
7/11/2005,1.2006
7/12/2005,1.2166
7/13/2005,1.2184
7/14/2005,1.2067
7/15/2005,1.2073
7/18/2005,1.2054
7/19/2005,1.1965
7/20/2005,1.2063
7/21/2005,1.2187
7/22/2005,1.2143
7/25/2005,1.2065
7/26/2005,1.1987
7/27/2005,1.199
7/28/2005,1.21
7/29/2005,1.2093
8/1/2005,1.2219
8/2/2005,1.2217
8/3/2005,1.2308
8/4/2005,1.2319
8/5/2005,1.2386
8/8/2005,1.237
8/9/2005,1.2367
8/10/2005,1.2377
8/11/2005,1.2405
8/12/2005,1.2457
8/15/2005,1.2374
8/16/2005,1.2313
8/17/2005,1.2296
8/18/2005,1.2213
8/19/2005,1.2183
8/22/2005,1.2231
8/23/2005,1.2233
8/24/2005,1.2211
8/25/2005,1.2272
8/26/2005,1.2307
8/29/2005,1.2289
8/30/2005,1.2181
8/31/2005,1.2198
9/1/2005,1.2388
9/2/2005,1.2541
9/5/2005,1.2538
9/6/2005,1.2483
9/7/2005,1.2451
9/8/2005,1.2418
9/9/2005,1.2415
9/12/2005,1.2313
9/13/2005,1.2276
9/14/2005,1.2314
9/15/2005,1.2223
9/16/2005,1.2243
9/19/2005,1.2139
9/20/2005,1.2154
9/21/2005,1.2225
9/22/2005,1.2224
9/23/2005,1.2118
9/26/2005,1.2031
9/27/2005,1.2005
9/28/2005,1.2037
9/29/2005,1.2063
9/30/2005,1.2042
10/3/2005,1.1933
10/4/2005,1.1938
10/5/2005,1.1947
10/6/2005,1.2061
10/7/2005,1.2144
10/10/2005,1.2088
10/11/2005,1.2022
10/12/2005,1.2008
10/13/2005,1.198
10/14/2005,1.1999
10/17/2005,1.2022
10/18/2005,1.1937
10/19/2005,1.195
10/20/2005,1.1953
10/21/2005,1.2012
10/24/2005,1.1944
10/25/2005,1.2017
10/26/2005,1.2059
10/27/2005,1.213
10/28/2005,1.2138
10/31/2005,1.2023
11/1/2005,1.2008
11/2/2005,1.1992
11/3/2005,1.2041
11/4/2005,1.1933
11/7/2005,1.1824
11/8/2005,1.1741
11/9/2005,1.1738
11/10/2005,1.1762
11/11/2005,1.1697
11/14/2005,1.1713
11/15/2005,1.1667
11/16/2005,1.1677
11/17/2005,1.1692
11/18/2005,1.1679
11/21/2005,1.1811
11/22/2005,1.1701
11/23/2005,1.1776
11/24/2005,1.1783
11/25/2005,1.1763
11/28/2005,1.1726
11/29/2005,1.1793
11/30/2005,1.1769
12/1/2005,1.1745
12/2/2005,1.1697
12/5/2005,1.1767
12/6/2005,1.1783
12/7/2005,1.171
12/8/2005,1.1764
12/9/2005,1.1785
12/12/2005,1.1925
12/13/2005,1.1925
12/14/2005,1.202
12/15/2005,1.1999
12/16/2005,1.1983
12/19/2005,1.1977
12/20/2005,1.1955
12/21/2005,1.1872
12/22/2005,1.1822
12/23/2005,1.1859
12/27/2005,1.1852
12/28/2005,1.1916
12/29/2005,1.1825
12/30/2005,1.1797
1/2/2006,1.1826
1/3/2006,1.1875
1/4/2006,1.2083
1/5/2006,1.2088
1/6/2006,1.2093
1/9/2006,1.2078
1/10/2006,1.2064
1/11/2006,1.2088
1/12/2006,1.2113
1/13/2006,1.2039
1/16/2006,1.2112
1/17/2006,1.2075
1/18/2006,1.2125
1/19/2006,1.2073
1/20/2006,1.2068
1/23/2006,1.2277
1/24/2006,1.2272
1/25/2006,1.2294
1/26/2006,1.2254
1/27/2006,1.2172
1/30/2006,1.2082
1/31/2006,1.2118
2/1/2006,1.2092
2/2/2006,1.2066
2/3/2006,1.2061
2/6/2006,1.1981
2/7/2006,1.1973
2/8/2006,1.1948
2/9/2006,1.1972
2/10/2006,1.197
2/13/2006,1.1888
2/14/2006,1.1898
2/15/2006,1.1904
2/16/2006,1.1858
2/17/2006,1.1863
2/20/2006,1.1932
2/21/2006,1.1906
2/22/2006,1.1875
2/23/2006,1.1957
2/24/2006,1.1896
2/27/2006,1.1852
2/28/2006,1.1875
3/1/2006,1.1954
3/2/2006,1.1921
3/3/2006,1.202
3/6/2006,1.2017
3/7/2006,1.1913
3/8/2006,1.1914
3/9/2006,1.192
3/10/2006,1.1919
3/13/2006,1.1922
3/14/2006,1.1948
3/15/2006,1.2026
3/16/2006,1.2069
3/17/2006,1.2185
3/20/2006,1.2174
3/21/2006,1.2144
3/22/2006,1.2069
3/23/2006,1.2055
3/24/2006,1.1969
3/27/2006,1.2025
3/28/2006,1.2084
3/29/2006,1.2012
3/30/2006,1.2096
3/31/2006,1.2104
4/3/2006,1.2063
4/4/2006,1.2217
4/5/2006,1.2262
4/6/2006,1.2312
4/7/2006,1.2179
4/10/2006,1.2099
4/11/2006,1.2105
4/12/2006,1.2125
4/13/2006,1.2094
4/18/2006,1.2252
4/19/2006,1.2346
4/20/2006,1.2346
4/21/2006,1.2315
4/24/2006,1.2365
4/25/2006,1.2425
4/26/2006,1.2425
4/27/2006,1.2414
4/28/2006,1.2537
5/2/2006,1.2643
5/3/2006,1.2622
5/4/2006,1.2592
5/5/2006,1.2688
5/8/2006,1.2756
5/9/2006,1.2697
5/10/2006,1.2779
5/11/2006,1.2716
5/12/2006,1.2914
5/15/2006,1.2826
5/16/2006,1.2817
5/17/2006,1.2882
5/18/2006,1.277
5/19/2006,1.2767
5/22/2006,1.2753
5/23/2006,1.2841
5/24/2006,1.2851
5/25/2006,1.2755
5/26/2006,1.2797
5/29/2006,1.2758
5/30/2006,1.2839
5/31/2006,1.2868
6/1/2006,1.2736
6/2/2006,1.2815
6/5/2006,1.2958
6/6/2006,1.2847
6/7/2006,1.2789
6/8/2006,1.2735
6/9/2006,1.2659
6/12/2006,1.2572
6/13/2006,1.2571
6/14/2006,1.2563
6/15/2006,1.261
6/16/2006,1.2651
6/19/2006,1.2591
6/20/2006,1.2546
6/21/2006,1.2632
6/22/2006,1.2582
6/23/2006,1.2502
6/26/2006,1.2561
6/27/2006,1.2567
6/28/2006,1.257
6/29/2006,1.2529
6/30/2006,1.2713
7/3/2006,1.279
7/4/2006,1.2791
7/5/2006,1.2794
7/6/2006,1.2735
7/7/2006,1.2778
7/10/2006,1.2752
7/11/2006,1.2736
7/12/2006,1.2722
7/13/2006,1.2692
7/14/2006,1.2666
7/17/2006,1.2541
7/18/2006,1.2531
7/19/2006,1.2482
7/20/2006,1.2643
7/21/2006,1.268
7/24/2006,1.2633
7/25/2006,1.2636
7/26/2006,1.2587
7/27/2006,1.2737
7/28/2006,1.2664
7/31/2006,1.2767
8/1/2006,1.2759
8/2/2006,1.2798
8/3/2006,1.2781
8/4/2006,1.2792
8/7/2006,1.285
8/8/2006,1.2839
8/9/2006,1.2879
8/10/2006,1.2857
8/11/2006,1.2775
8/14/2006,1.2718
8/15/2006,1.2725
8/16/2006,1.2793
8/17/2006,1.2879
8/18/2006,1.2802
8/21/2006,1.2919
8/22/2006,1.2812
8/23/2006,1.2812
8/24/2006,1.2831
8/25/2006,1.2762
8/28/2006,1.28
8/29/2006,1.2808
8/30/2006,1.2818
8/31/2006,1.2851
9/1/2006,1.2817
9/4/2006,1.2852
9/5/2006,1.281
9/6/2006,1.2793
9/7/2006,1.2731
9/8/2006,1.2713
9/11/2006,1.2713
9/12/2006,1.2709
9/13/2006,1.2677
9/14/2006,1.2723
9/15/2006,1.2675
9/18/2006,1.2665
9/19/2006,1.2654
9/20/2006,1.2676
9/21/2006,1.2731
9/22/2006,1.2817
9/25/2006,1.2768
9/26/2006,1.2695
9/27/2006,1.2684
9/28/2006,1.2713
9/29/2006,1.266
10/2/2006,1.2685
10/3/2006,1.2737
10/4/2006,1.2684
10/5/2006,1.2721
10/6/2006,1.2664
10/9/2006,1.2603
10/10/2006,1.2538
10/11/2006,1.2543
10/12/2006,1.2531
10/13/2006,1.255
10/16/2006,1.2515
10/17/2006,1.2524
10/18/2006,1.2543
10/19/2006,1.2561
10/20/2006,1.2618
10/23/2006,1.2556
10/24/2006,1.2541
10/25/2006,1.258
10/26/2006,1.2653
10/27/2006,1.2683
10/30/2006,1.2717
10/31/2006,1.2696
11/1/2006,1.2757
11/2/2006,1.2767
11/3/2006,1.276
11/6/2006,1.2702
11/7/2006,1.2755
11/8/2006,1.2776
11/9/2006,1.2796
11/10/2006,1.2864
11/13/2006,1.283
11/14/2006,1.2824
11/15/2006,1.2792
11/16/2006,1.2804
11/17/2006,1.2774
11/20/2006,1.2841
11/21/2006,1.2814
11/22/2006,1.2886
11/23/2006,1.2953
11/24/2006,1.3078
11/27/2006,1.3114
11/28/2006,1.3147
11/29/2006,1.3157
11/30/2006,1.32
12/1/2006,1.3244
12/4/2006,1.3309
12/5/2006,1.3331
12/6/2006,1.3274
12/7/2006,1.3297
12/8/2006,1.3276
12/11/2006,1.3177
12/12/2006,1.3244
12/13/2006,1.3265
12/14/2006,1.3192
12/15/2006,1.3106
12/18/2006,1.3095
12/19/2006,1.3158
12/20/2006,1.3203
12/21/2006,1.3178
12/22/2006,1.3192
12/27/2006,1.3159
12/28/2006,1.3173
12/29/2006,1.317
1/2/2007,1.327
1/3/2007,1.3231
1/4/2007,1.3106
1/5/2007,1.3084
1/8/2007,1.3006
1/9/2007,1.3018
1/10/2007,1.2988
1/11/2007,1.2984
1/12/2007,1.2893
1/15/2007,1.2941
1/16/2007,1.2953
1/17/2007,1.2909
1/18/2007,1.2922
1/19/2007,1.2958
1/22/2007,1.2936
1/23/2007,1.304
1/24/2007,1.3005
1/25/2007,1.2978
1/26/2007,1.2901
1/29/2007,1.2921
1/30/2007,1.2972
1/31/2007,1.2954
2/1/2007,1.302
2/2/2007,1.302
2/5/2007,1.2925
2/6/2007,1.2955
2/7/2007,1.2987
2/8/2007,1.2991
2/9/2007,1.3007
2/12/2007,1.2956
2/13/2007,1.3022
2/14/2007,1.3082
2/15/2007,1.3137
2/16/2007,1.3119
2/19/2007,1.3132
2/20/2007,1.3145
2/21/2007,1.3145
2/22/2007,1.3106
2/23/2007,1.3134
2/26/2007,1.316
2/27/2007,1.323
2/28/2007,1.3211
3/1/2007,1.3225
3/2/2007,1.3163
3/5/2007,1.3083
3/6/2007,1.31
3/7/2007,1.3135
3/8/2007,1.3152
3/9/2007,1.3155
3/12/2007,1.3156
3/13/2007,1.3218
3/14/2007,1.3183
3/15/2007,1.3226
3/16/2007,1.3325
3/19/2007,1.3303
3/20/2007,1.3296
3/21/2007,1.3293
3/22/2007,1.3351
3/23/2007,1.3327
3/26/2007,1.3265
3/27/2007,1.3347
3/28/2007,1.3348
3/29/2007,1.3352
3/30/2007,1.3318
4/2/2007,1.3366
4/3/2007,1.3358
4/4/2007,1.3352
4/5/2007,1.3373
4/10/2007,1.3426
4/11/2007,1.3418
4/12/2007,1.3467
4/13/2007,1.3532
4/16/2007,1.355
4/17/2007,1.3549
4/18/2007,1.3577
4/19/2007,1.3601
4/20/2007,1.3606
4/23/2007,1.3557
4/24/2007,1.3582
4/25/2007,1.3649
4/26/2007,1.3596
4/27/2007,1.3643
4/30/2007,1.3605
5/2/2007,1.3588
5/3/2007,1.3613
5/4/2007,1.3561
5/7/2007,1.3615
5/8/2007,1.3558
5/9/2007,1.3535
5/10/2007,1.3527
5/11/2007,1.3486
5/14/2007,1.3549
5/15/2007,1.3538
5/16/2007,1.3574
5/17/2007,1.3516
5/18/2007,1.3477
5/21/2007,1.3444
5/22/2007,1.3454
5/23/2007,1.349
5/24/2007,1.3448
5/25/2007,1.3441
5/28/2007,1.3453
5/29/2007,1.3509
5/30/2007,1.342
5/31/2007,1.3453
6/1/2007,1.3436
6/4/2007,1.3482
6/5/2007,1.3532
6/6/2007,1.3513
6/7/2007,1.347
6/8/2007,1.3349
6/11/2007,1.3355
6/12/2007,1.3345
6/13/2007,1.3287
6/14/2007,1.3304
6/15/2007,1.3314
6/18/2007,1.3404
6/19/2007,1.3403
6/20/2007,1.3427
6/21/2007,1.3397
6/22/2007,1.3441
6/25/2007,1.3461
6/26/2007,1.346
6/27/2007,1.3438
6/28/2007,1.3467
6/29/2007,1.3505
7/2/2007,1.3588
7/3/2007,1.3601
7/4/2007,1.3618
7/5/2007,1.364
7/6/2007,1.3596
7/9/2007,1.3621
7/10/2007,1.3666
7/11/2007,1.3753
7/12/2007,1.3788
7/13/2007,1.3782
7/16/2007,1.3781
7/17/2007,1.3771
7/18/2007,1.3779
7/19/2007,1.382
7/20/2007,1.3803
7/23/2007,1.3821
7/24/2007,1.3833
7/25/2007,1.3743
7/26/2007,1.3722
7/27/2007,1.3651
7/30/2007,1.3659
7/31/2007,1.3707
8/1/2007,1.3663
8/2/2007,1.3664
8/3/2007,1.3694
8/6/2007,1.3818
8/7/2007,1.3794
8/8/2007,1.3794
8/9/2007,1.3729
8/10/2007,1.365
8/13/2007,1.3651
8/14/2007,1.3591
8/15/2007,1.3476
8/16/2007,1.3405
8/17/2007,1.3454
8/20/2007,1.3476
8/21/2007,1.3508
8/22/2007,1.3493
8/23/2007,1.3574
8/24/2007,1.3615
8/27/2007,1.3658
8/28/2007,1.3664
8/29/2007,1.3631
8/30/2007,1.361
8/31/2007,1.3705
9/3/2007,1.3632
9/4/2007,1.358
9/5/2007,1.3588
9/6/2007,1.3669
9/7/2007,1.3696
9/10/2007,1.3795
9/11/2007,1.3824
9/12/2007,1.3885
9/13/2007,1.3897
9/14/2007,1.386
9/17/2007,1.3877
9/18/2007,1.3867
9/19/2007,1.3975
9/20/2007,1.403
9/21/2007,1.4049
9/24/2007,1.4113
9/25/2007,1.4106
9/26/2007,1.4127
9/27/2007,1.418
9/28/2007,1.4179
10/1/2007,1.4232
10/2/2007,1.4165
10/3/2007,1.4195
10/4/2007,1.4109
10/5/2007,1.4136
10/8/2007,1.4089
10/9/2007,1.4037
10/10/2007,1.4146
10/11/2007,1.4199
10/12/2007,1.4173
10/15/2007,1.4226
10/16/2007,1.415
10/17/2007,1.42
10/18/2007,1.4299
10/19/2007,1.4288
10/22/2007,1.4166
10/23/2007,1.4254
10/24/2007,1.423
10/25/2007,1.4309
10/26/2007,1.4384
10/29/2007,1.4391
10/30/2007,1.4407
10/31/2007,1.4447
11/1/2007,1.4423
11/2/2007,1.4479
11/5/2007,1.4488
11/6/2007,1.4547
11/7/2007,1.4722
11/8/2007,1.4666
11/9/2007,1.4683
11/12/2007,1.4579
11/13/2007,1.4607
11/14/2007,1.47
11/15/2007,1.4639
11/16/2007,1.4651
11/19/2007,1.4654
11/20/2007,1.4785
11/21/2007,1.4814
11/22/2007,1.4829
11/23/2007,1.4809
11/26/2007,1.4845
11/27/2007,1.4874
11/28/2007,1.4747
11/29/2007,1.4738
11/30/2007,1.4761
12/3/2007,1.4666
12/4/2007,1.4741
12/5/2007,1.472
12/6/2007,1.4554
12/7/2007,1.4649
12/10/2007,1.4718
12/11/2007,1.4672
12/12/2007,1.4675
12/13/2007,1.4683
12/14/2007,1.4509
12/17/2007,1.4393
12/18/2007,1.4416
12/19/2007,1.4385
12/20/2007,1.4349
12/21/2007,1.438
12/24/2007,1.4398
12/27/2007,1.4516
12/28/2007,1.4692
12/31/2007,1.4721
1/2/2008,1.4688
1/3/2008,1.4753
1/4/2008,1.4727
1/7/2008,1.4723
1/8/2008,1.4705
1/9/2008,1.468
1/10/2008,1.4662
1/11/2008,1.4792
1/14/2008,1.4895
1/15/2008,1.4886
1/16/2008,1.4792
1/17/2008,1.4691
1/18/2008,1.4674
1/21/2008,1.4482
1/22/2008,1.4494
1/23/2008,1.4574
1/24/2008,1.4663
1/25/2008,1.4705
1/28/2008,1.4755
1/29/2008,1.4773
1/30/2008,1.481
1/31/2008,1.487
2/1/2008,1.4889
2/4/2008,1.4829
2/5/2008,1.4688
2/6/2008,1.4621
2/7/2008,1.4569
2/8/2008,1.4513
2/11/2008,1.4542
2/12/2008,1.4538
2/13/2008,1.4586
2/14/2008,1.4626
2/15/2008,1.4674
2/18/2008,1.4636
2/19/2008,1.4742
2/20/2008,1.4656
2/21/2008,1.4736
2/22/2008,1.4848
2/25/2008,1.4817
2/26/2008,1.4874
2/27/2008,1.5044
2/28/2008,1.5121
2/29/2008,1.5167
3/3/2008,1.5203
3/4/2008,1.5206
3/5/2008,1.5196
3/6/2008,1.5319
3/7/2008,1.5417
3/10/2008,1.534
3/11/2008,1.5379
3/12/2008,1.5477
3/13/2008,1.5577
3/14/2008,1.5561
3/17/2008,1.577
3/18/2008,1.5771
3/19/2008,1.5692
3/20/2008,1.5423
3/25/2008,1.5569
3/26/2008,1.571
3/27/2008,1.5786
3/28/2008,1.5796
3/31/2008,1.5812
4/1/2008,1.566
4/2/2008,1.5632
4/3/2008,1.5526
4/4/2008,1.5722
4/7/2008,1.5693
4/8/2008,1.5694
4/9/2008,1.5726
4/10/2008,1.5875
4/11/2008,1.5833
4/14/2008,1.5869
4/15/2008,1.5828
4/16/2008,1.5928
4/17/2008,1.5872
4/18/2008,1.578
4/21/2008,1.5898
4/22/2008,1.5931
4/23/2008,1.594
4/24/2008,1.5769
4/25/2008,1.5596
4/28/2008,1.5628
4/29/2008,1.5571
4/30/2008,1.554
5/2/2008,1.5458
5/5/2008,1.546
5/6/2008,1.5528
5/7/2008,1.543
5/8/2008,1.5347
5/9/2008,1.5458
5/12/2008,1.543
5/13/2008,1.5473
5/14/2008,1.5439
5/15/2008,1.5474
5/16/2008,1.5498
5/19/2008,1.5577
5/20/2008,1.5639
5/21/2008,1.5753
5/22/2008,1.5755
5/23/2008,1.5742
5/26/2008,1.5761
5/27/2008,1.576
5/28/2008,1.5656
5/29/2008,1.5551
5/30/2008,1.5508
6/2/2008,1.5521
6/3/2008,1.5593
6/4/2008,1.5466
6/5/2008,1.5402
6/6/2008,1.5597
6/9/2008,1.5784
6/10/2008,1.5526
6/11/2008,1.5515
6/12/2008,1.5417
6/13/2008,1.5336
6/16/2008,1.5459
6/17/2008,1.5477
6/18/2008,1.5493
6/19/2008,1.5481
6/20/2008,1.561
6/23/2008,1.5521
6/24/2008,1.5568
6/25/2008,1.5599
6/26/2008,1.5731
6/27/2008,1.5748
6/30/2008,1.5764
7/1/2008,1.5775
7/2/2008,1.5806
7/3/2008,1.5885
7/4/2008,1.5671
7/7/2008,1.5651
7/8/2008,1.5687
7/9/2008,1.5715
7/10/2008,1.5708
7/11/2008,1.5835
7/14/2008,1.5847
7/15/2008,1.599
7/16/2008,1.5888
7/17/2008,1.5849
7/18/2008,1.5816
7/21/2008,1.5858
7/22/2008,1.5919
7/23/2008,1.5741
7/24/2008,1.5677
7/25/2008,1.5734
7/28/2008,1.5746
7/29/2008,1.5705
7/30/2008,1.5589
7/31/2008,1.5611
8/1/2008,1.5574
8/4/2008,1.5566
8/5/2008,1.5487
8/6/2008,1.5478
8/7/2008,1.5471
8/8/2008,1.5074
8/11/2008,1.5012
8/12/2008,1.4907
8/13/2008,1.4903
8/14/2008,1.4907
8/15/2008,1.4729
8/18/2008,1.4704
8/19/2008,1.4677
8/20/2008,1.4734
8/21/2008,1.4814
8/22/2008,1.4808
8/25/2008,1.4767
8/26/2008,1.4598
8/27/2008,1.4767
8/28/2008,1.4771
8/29/2008,1.4735
9/1/2008,1.4621
9/2/2008,1.4516
9/3/2008,1.4441
9/4/2008,1.4488
9/5/2008,1.4247
9/8/2008,1.4214
9/9/2008,1.4144
9/10/2008,1.4094
9/11/2008,1.3934
9/12/2008,1.4066
9/15/2008,1.4151
9/16/2008,1.4267
9/17/2008,1.4224
9/18/2008,1.4502
9/19/2008,1.4236
9/22/2008,1.4571
9/23/2008,1.4731
9/24/2008,1.469
9/25/2008,1.47
9/26/2008,1.464
9/29/2008,1.4349
9/30/2008,1.4303
10/1/2008,1.4081
10/2/2008,1.3903
10/3/2008,1.3834
10/6/2008,1.3634
10/7/2008,1.3632
10/8/2008,1.3731
10/9/2008,1.3682
10/10/2008,1.3579
10/13/2008,1.3639
10/14/2008,1.3752
10/15/2008,1.3625
10/16/2008,1.3507
10/17/2008,1.3404
10/20/2008,1.3424
10/21/2008,1.3184
10/22/2008,1.2843
10/23/2008,1.281
10/24/2008,1.2596
10/27/2008,1.246
10/28/2008,1.2526
10/29/2008,1.277
10/30/2008,1.3035
10/31/2008,1.2757
11/3/2008,1.2822
11/4/2008,1.282
11/5/2008,1.287
11/6/2008,1.277
11/7/2008,1.2756
11/10/2008,1.2891
11/11/2008,1.2747
11/12/2008,1.253
11/13/2008,1.2525
11/14/2008,1.2675
11/17/2008,1.266
11/18/2008,1.2653
11/19/2008,1.2634
11/20/2008,1.2542
11/21/2008,1.2602
11/24/2008,1.2773
11/25/2008,1.2811
11/26/2008,1.2935
11/27/2008,1.29
11/28/2008,1.2727
12/1/2008,1.2608
12/2/2008,1.2697
12/3/2008,1.2623
12/4/2008,1.262
12/5/2008,1.2665
12/8/2008,1.2854
12/9/2008,1.2838
12/10/2008,1.2925
12/11/2008,1.3215
12/12/2008,1.334
12/15/2008,1.351
12/16/2008,1.369
12/17/2008,1.4059
12/18/2008,1.4616
12/19/2008,1.394
12/22/2008,1.397
12/23/2008,1.3978
12/24/2008,1.4005
12/29/2008,1.427
12/30/2008,1.4098
12/31/2008,1.3917
1/2/2009,1.3866
1/5/2009,1.3582
1/6/2009,1.3332
1/7/2009,1.3595
1/8/2009,1.3617
1/9/2009,1.3684
1/12/2009,1.3394
1/13/2009,1.3262
1/14/2009,1.3173
1/15/2009,1.3085
1/16/2009,1.327
1/19/2009,1.3182
1/20/2009,1.293
1/21/2009,1.291
1/22/2009,1.2984
1/23/2009,1.2795
1/26/2009,1.299
1/27/2009,1.3174
1/28/2009,1.326
1/29/2009,1.3111
1/30/2009,1.2816
2/2/2009,1.276
2/3/2009,1.2849
2/4/2009,1.2818
2/5/2009,1.2829
2/6/2009,1.2796
2/9/2009,1.3008
2/10/2009,1.2967
2/11/2009,1.2938
2/12/2009,1.2833
2/13/2009,1.2823
2/16/2009,1.2765
2/17/2009,1.2634
2/18/2009,1.2596
2/19/2009,1.2705
2/20/2009,1.2591
2/23/2009,1.2798
2/24/2009,1.2763
2/25/2009,1.2795
2/26/2009,1.2782
2/27/2009,1.2644
3/2/2009,1.2596
3/3/2009,1.2615
3/4/2009,1.2555
3/5/2009,1.2555
3/6/2009,1.2658
3/9/2009,1.2565
3/10/2009,1.2783
3/11/2009,1.2786
3/12/2009,1.2782
3/13/2009,1.2905
3/16/2009,1.3042
3/17/2009,1.2942
3/18/2009,1.313
3/19/2009,1.3671
3/20/2009,1.3549
3/23/2009,1.3558
3/24/2009,1.3507
3/25/2009,1.3494
3/26/2009,1.3607
3/27/2009,1.3295
3/30/2009,1.3193
3/31/2009,1.3308
4/1/2009,1.3246
4/2/2009,1.3392
4/3/2009,1.3425
4/6/2009,1.3496
4/7/2009,1.3255
4/8/2009,1.3231
4/9/2009,1.3273
4/14/2009,1.3276
4/15/2009,1.3173
4/16/2009,1.3196
4/17/2009,1.3058
4/20/2009,1.2966
4/21/2009,1.2932
4/22/2009,1.2947
4/23/2009,1.305
4/24/2009,1.3232
4/27/2009,1.3125
4/28/2009,1.2992
4/29/2009,1.3266
4/30/2009,1.3275
5/4/2009,1.3223
5/5/2009,1.3403
5/6/2009,1.3322
5/7/2009,1.3363
5/8/2009,1.3425
5/11/2009,1.3574
5/12/2009,1.3683
5/13/2009,1.3623
5/14/2009,1.3563
5/15/2009,1.3518
5/18/2009,1.3494
5/19/2009,1.3612
5/20/2009,1.369
5/21/2009,1.3771
5/22/2009,1.3972
5/25/2009,1.401
5/26/2009,1.3908
5/27/2009,1.3901
5/28/2009,1.3856
5/29/2009,1.4098
6/1/2009,1.422
6/2/2009,1.4238
6/3/2009,1.4207
6/4/2009,1.4095
6/5/2009,1.4177
6/8/2009,1.3866
6/9/2009,1.3959
6/10/2009,1.4102
6/11/2009,1.3969
6/12/2009,1.4004
6/15/2009,1.385
6/16/2009,1.389
6/17/2009,1.384
6/18/2009,1.392
6/19/2009,1.3932
6/22/2009,1.3858
6/23/2009,1.3978
6/24/2009,1.4029
6/25/2009,1.394
6/26/2009,1.4096
6/29/2009,1.4058
6/30/2009,1.4134
7/1/2009,1.4096
7/2/2009,1.4049
7/3/2009,1.4009
7/6/2009,1.3897
7/7/2009,1.4019
7/8/2009,1.3901
7/9/2009,1.399
7/10/2009,1.3901
7/13/2009,1.3975
7/14/2009,1.3991
7/15/2009,1.4089
7/16/2009,1.413
7/17/2009,1.409
7/20/2009,1.4217
7/21/2009,1.4223
7/22/2009,1.4191
7/23/2009,1.4229
7/24/2009,1.4227
7/27/2009,1.4269
7/28/2009,1.4229
7/29/2009,1.4104
7/30/2009,1.4053
7/31/2009,1.4138
8/3/2009,1.4303
8/4/2009,1.4384
8/5/2009,1.441
8/6/2009,1.437
8/7/2009,1.4357
8/10/2009,1.4202
8/11/2009,1.4166
8/12/2009,1.417
8/13/2009,1.4293
8/14/2009,1.4294
8/17/2009,1.4072
8/18/2009,1.4101
8/19/2009,1.4112
8/20/2009,1.4243
8/21/2009,1.433
8/24/2009,1.4323
8/25/2009,1.4324
8/26/2009,1.427
8/27/2009,1.4268
8/28/2009,1.4364
8/31/2009,1.4272
9/1/2009,1.4314
9/2/2009,1.422
9/3/2009,1.4335
9/4/2009,1.4262
9/7/2009,1.433
9/8/2009,1.4473
9/9/2009,1.4522
9/10/2009,1.4545
9/11/2009,1.4594
9/14/2009,1.4561
9/15/2009,1.4611
9/16/2009,1.4671
9/17/2009,1.4712
9/18/2009,1.4705
9/21/2009,1.4658
9/22/2009,1.478
9/23/2009,1.4783
9/24/2009,1.4768
9/25/2009,1.467
9/28/2009,1.465
9/29/2009,1.4549
9/30/2009,1.4643
10/1/2009,1.4539
10/2/2009,1.4537
10/5/2009,1.4616
10/6/2009,1.4722
10/7/2009,1.4694
10/8/2009,1.4763
10/9/2009,1.475
10/12/2009,1.4765
10/13/2009,1.4864
10/14/2009,1.4881
10/15/2009,1.4864
10/16/2009,1.4869
10/19/2009,1.4918
10/20/2009,1.4971
10/21/2009,1.4921
10/22/2009,1.5
10/23/2009,1.502
10/26/2009,1.5019
10/27/2009,1.4874
10/28/2009,1.4785
10/29/2009,1.4788
10/30/2009,1.48
11/2/2009,1.4772
11/3/2009,1.4658
11/4/2009,1.4761
11/5/2009,1.4867
11/6/2009,1.4862
11/9/2009,1.4984
11/10/2009,1.4966
11/11/2009,1.5037
11/12/2009,1.4922
11/13/2009,1.4868
11/16/2009,1.4965
11/17/2009,1.4875
11/18/2009,1.4957
11/19/2009,1.4863
11/20/2009,1.4815
11/23/2009,1.4968
11/24/2009,1.4969
11/25/2009,1.5083
11/26/2009,1.5071
11/27/2009,1.4918
11/30/2009,1.5023
12/1/2009,1.5074
12/2/2009,1.509
12/3/2009,1.512
12/4/2009,1.5068
12/7/2009,1.4787
12/8/2009,1.4774
12/9/2009,1.4768
12/10/2009,1.473
12/11/2009,1.4757
12/14/2009,1.4647
12/15/2009,1.4541
12/16/2009,1.456
12/17/2009,1.4343
12/18/2009,1.4337
12/21/2009,1.4368
12/22/2009,1.4279
12/23/2009,1.4276
12/24/2009,1.4398
12/28/2009,1.4405
12/29/2009,1.4433
12/30/2009,1.4338
12/31/2009,1.4406
1/4/2010,1.4389
1/5/2010,1.4442
1/6/2010,1.435
1/7/2010,1.4304
1/8/2010,1.4273
1/11/2010,1.4528
1/12/2010,1.4481
1/13/2010,1.4563
1/14/2010,1.4486
1/15/2010,1.4374
1/18/2010,1.4369
1/19/2010,1.4279
1/20/2010,1.4132
1/21/2010,1.4064
1/22/2010,1.4135
1/25/2010,1.4151
1/26/2010,1.4085
1/27/2010,1.4072
1/28/2010,1.3999
1/29/2010,1.3966
2/1/2010,1.3913
2/2/2010,1.3937
2/3/2010,1.3984
2/4/2010,1.3847
2/5/2010,1.3691
2/8/2010,1.3675
2/9/2010,1.376
2/10/2010,1.374
2/11/2010,1.3718
2/12/2010,1.3572
2/15/2010,1.3607
2/16/2010,1.3649
2/17/2010,1.3726
2/18/2010,1.3567
2/19/2010,1.3519
2/22/2010,1.3626
2/23/2010,1.3577
2/24/2010,1.3547
2/25/2010,1.3489
2/26/2010,1.357
3/1/2010,1.3525
3/2/2010,1.3548
3/3/2010,1.3641
3/4/2010,1.3668
3/5/2010,1.3582
3/8/2010,1.3662
3/9/2010,1.3557
3/10/2010,1.361
3/11/2010,1.3657
3/12/2010,1.3765
3/15/2010,1.3705
3/16/2010,1.3723
3/17/2010,1.3756
3/18/2010,1.366
3/19/2010,1.3548
3/22/2010,1.3471
3/23/2010,1.3519
3/24/2010,1.3338
3/25/2010,1.3356
3/26/2010,1.3353
3/29/2010,1.3471
3/30/2010,1.3482
3/31/2010,1.3479
4/1/2010,1.3468
4/6/2010,1.3396
4/7/2010,1.334
4/8/2010,1.3296
4/9/2010,1.3384
4/12/2010,1.3585
4/13/2010,1.3583
4/14/2010,1.3615
4/15/2010,1.3544
4/16/2010,1.3535
4/19/2010,1.3432
4/20/2010,1.3486
4/21/2010,1.3373
4/22/2010,1.3339
4/23/2010,1.3311
4/26/2010,1.3321
4/27/2010,1.329
4/28/2010,1.3245
4/29/2010,1.3256
4/30/2010,1.3315
5/3/2010,1.3238
5/4/2010,1.3089
5/5/2010,1.2924
5/6/2010,1.2727
5/7/2010,1.2746
5/10/2010,1.2969
5/11/2010,1.2698
5/12/2010,1.2686
5/13/2010,1.2587
5/14/2010,1.2492
5/17/2010,1.2349
5/18/2010,1.2428
5/19/2010,1.227
5/20/2010,1.2334
5/21/2010,1.2497
5/24/2010,1.236
5/25/2010,1.2223
5/26/2010,1.2309
5/27/2010,1.2255
5/28/2010,1.2384
5/31/2010,1.2307
6/1/2010,1.2155
6/2/2010,1.2218
6/3/2010,1.2268
6/4/2010,1.206
6/7/2010,1.1959
6/8/2010,1.1942
6/9/2010,1.201
6/10/2010,1.2045
6/11/2010,1.2127
6/14/2010,1.2249
6/15/2010,1.2258
6/16/2010,1.2277
6/17/2010,1.2363
6/18/2010,1.2372
6/21/2010,1.2391
6/22/2010,1.2258
6/23/2010,1.2271
6/24/2010,1.2262
6/25/2010,1.2294
6/28/2010,1.2339
6/29/2010,1.2198
6/30/2010,1.2271
7/1/2010,1.2328
7/2/2010,1.2548
7/5/2010,1.2531
7/6/2010,1.2579
7/7/2010,1.2567
7/8/2010,1.266
7/9/2010,1.2637
7/12/2010,1.2572
7/13/2010,1.2569
7/14/2010,1.2703
7/15/2010,1.2828
7/16/2010,1.3
7/19/2010,1.2957
7/20/2010,1.2844
7/21/2010,1.2817
7/22/2010,1.285
7/23/2010,1.2897
7/26/2010,1.2931
7/27/2010,1.3033
7/28/2010,1.2992
7/29/2010,1.3069
7/30/2010,1.3028
8/2/2010,1.3073
8/3/2010,1.3221
8/4/2010,1.3206
8/5/2010,1.3184
8/6/2010,1.3176
8/9/2010,1.3253
8/10/2010,1.3133
8/11/2010,1.3016
8/12/2010,1.279
8/13/2010,1.2799
8/16/2010,1.282
8/17/2010,1.286
8/18/2010,1.288
8/19/2010,1.2836
8/20/2010,1.2711
8/23/2010,1.2704
8/24/2010,1.2611
8/25/2010,1.2613
8/26/2010,1.2693
8/27/2010,1.2713
8/30/2010,1.27
8/31/2010,1.268
9/1/2010,1.28
9/2/2010,1.2818
9/3/2010,1.2834
9/6/2010,1.2874
9/7/2010,1.2744
9/8/2010,1.2697
9/9/2010,1.2715
9/10/2010,1.2725
9/13/2010,1.2801
9/14/2010,1.285
9/15/2010,1.2989
9/16/2010,1.3078
9/17/2010,1.306
9/20/2010,1.3074
9/21/2010,1.312
9/22/2010,1.3364
9/23/2010,1.3323
9/24/2010,1.3412
9/27/2010,1.3477
9/28/2010,1.346
9/29/2010,1.3611
9/30/2010,1.3648
10/1/2010,1.3726
10/4/2010,1.3705
10/5/2010,1.378
10/6/2010,1.3856
10/7/2010,1.397
10/8/2010,1.3874
10/11/2010,1.3936
10/12/2010,1.3833
10/13/2010,1.3958
10/14/2010,1.4101
10/15/2010,1.4089
10/18/2010,1.3896
10/19/2010,1.3859
10/20/2010,1.3861
10/21/2010,1.4016
10/22/2010,1.3934
10/25/2010,1.4031
10/26/2010,1.3912
10/27/2010,1.3803
10/28/2010,1.3857
10/29/2010,1.3857
11/1/2010,1.3926
11/2/2010,1.4018
11/3/2010,1.4014
11/4/2010,1.4244
11/5/2010,1.4084
11/8/2010,1.3917
11/9/2010,1.3945
11/10/2010,1.377
11/11/2010,1.37
11/12/2010,1.3711
11/15/2010,1.3626
11/16/2010,1.3612
11/17/2010,1.3481
11/18/2010,1.3647
11/19/2010,1.3674
11/22/2010,1.3647
11/23/2010,1.3496
11/24/2010,1.3339
11/25/2010,1.3321
11/26/2010,1.3225
11/29/2010,1.3146
11/30/2010,1.2998
12/1/2010,1.3115
12/2/2010,1.3155
12/3/2010,1.3246
12/6/2010,1.328
12/7/2010,1.3363
12/8/2010,1.32
12/9/2010,1.3214
12/10/2010,1.3244
12/13/2010,1.3267
12/14/2010,1.3435
12/15/2010,1.336
12/16/2010,1.3238
12/17/2010,1.326
12/20/2010,1.3147
12/21/2010,1.3155
12/22/2010,1.3112
12/23/2010,1.3064
12/24/2010,1.3099
12/27/2010,1.3136
12/28/2010,1.3195
12/29/2010,1.3136
12/30/2010,1.328
12/31/2010,1.3362
1/3/2011,1.3348
1/4/2011,1.3421
1/5/2011,1.3213
1/6/2011,1.3091
1/7/2011,1.2961
1/10/2011,1.2903
1/11/2011,1.2948
1/12/2011,1.2973
1/13/2011,1.3199
1/14/2011,1.3349
1/17/2011,1.3311
1/18/2011,1.3371
1/19/2011,1.3506
1/20/2011,1.3472
1/21/2011,1.3521
1/24/2011,1.3571
1/25/2011,1.3596
1/26/2011,1.3681
1/27/2011,1.3716
1/28/2011,1.371
1/31/2011,1.3692
2/1/2011,1.3755
2/2/2011,1.3803
2/3/2011,1.3745
2/4/2011,1.3631
2/7/2011,1.3553
2/8/2011,1.3635
2/9/2011,1.3647
2/10/2011,1.3604
2/11/2011,1.3524
2/14/2011,1.344
2/15/2011,1.351
2/16/2011,1.351
2/17/2011,1.356
2/18/2011,1.3627
2/21/2011,1.3668
2/22/2011,1.3667
2/23/2011,1.3731
2/24/2011,1.3773
2/25/2011,1.3762
2/28/2011,1.3834
3/1/2011,1.3825
3/2/2011,1.3809
3/3/2011,1.385
3/4/2011,1.3957
3/7/2011,1.4028
3/8/2011,1.3898
3/9/2011,1.3928
3/10/2011,1.3817
3/11/2011,1.3773
3/14/2011,1.3948
3/15/2011,1.3884
3/16/2011,1.3951
3/17/2011,1.4004
3/18/2011,1.413
3/21/2011,1.4194
3/22/2011,1.4211
3/23/2011,1.4136
3/24/2011,1.4128
3/25/2011,1.4115
3/28/2011,1.4032
3/29/2011,1.4066
3/30/2011,1.409
3/31/2011,1.4207
4/1/2011,1.4141
4/4/2011,1.424
4/5/2011,1.4166
4/6/2011,1.43
4/7/2011,1.4283
4/8/2011,1.4401
4/11/2011,1.4434
4/12/2011,1.447
4/13/2011,1.4493
4/14/2011,1.4401
4/15/2011,1.445
4/18/2011,1.4275
4/19/2011,1.4302
4/20/2011,1.4515
4/21/2011,1.4584
4/26/2011,1.4617
4/27/2011,1.4668
4/28/2011,1.4794
4/29/2011,1.486
5/2/2011,1.4837
5/3/2011,1.478
5/4/2011,1.4882
5/5/2011,1.4814
5/6/2011,1.4501
5/9/2011,1.4397
5/10/2011,1.4358
5/11/2011,1.4357
5/12/2011,1.4153
5/13/2011,1.428
5/16/2011,1.4143
5/17/2011,1.4171
5/18/2011,1.4227
5/19/2011,1.4265
5/20/2011,1.4237
5/23/2011,1.402
5/24/2011,1.4089
5/25/2011,1.4069
5/26/2011,1.4168
5/27/2011,1.4265
5/30/2011,1.4272
5/31/2011,1.4385
6/1/2011,1.4408
6/2/2011,1.446
6/3/2011,1.4488
6/6/2011,1.4596
6/7/2011,1.4652
6/8/2011,1.4608
6/9/2011,1.4614
6/10/2011,1.4486
6/13/2011,1.4354
6/14/2011,1.4448
6/15/2011,1.4292
6/16/2011,1.4088
6/17/2011,1.427
6/20/2011,1.4235
6/21/2011,1.4373
6/22/2011,1.4397
6/23/2011,1.4212
6/24/2011,1.422
6/27/2011,1.4205
6/28/2011,1.4261
6/29/2011,1.4425
6/30/2011,1.4453
7/1/2011,1.4488
7/4/2011,1.45
7/5/2011,1.4461
7/6/2011,1.4318
7/7/2011,1.4247
7/8/2011,1.4242
7/11/2011,1.4056
7/12/2011,1.3975
7/13/2011,1.4073
7/14/2011,1.4202
7/15/2011,1.4146
7/18/2011,1.4045
7/19/2011,1.416
7/20/2011,1.4207
7/21/2011,1.4222
7/22/2011,1.4391
7/25/2011,1.438
7/26/2011,1.4471
7/27/2011,1.4446
7/28/2011,1.426
7/29/2011,1.426
8/1/2011,1.4415
8/2/2011,1.417
8/3/2011,1.43
8/4/2011,1.4229
8/5/2011,1.4155
8/8/2011,1.4225
8/9/2011,1.4267
8/10/2011,1.4367
8/11/2011,1.4143
8/12/2011,1.425
8/15/2011,1.4309
8/16/2011,1.436
8/17/2011,1.4477
8/18/2011,1.4369
8/19/2011,1.4385
8/22/2011,1.4413
8/23/2011,1.4462
8/24/2011,1.4433
8/25/2011,1.4424
8/26/2011,1.4402
8/29/2011,1.4487
8/30/2011,1.4402
8/31/2011,1.445
9/1/2011,1.4285
9/2/2011,1.4255
9/5/2011,1.4126
9/6/2011,1.4099
9/7/2011,1.4036
9/8/2011,1.4044
9/9/2011,1.3817
9/12/2011,1.3656
9/13/2011,1.3645
9/14/2011,1.3729
9/15/2011,1.3795
9/16/2011,1.376
9/19/2011,1.3641
9/20/2011,1.371
9/21/2011,1.3636
9/22/2011,1.3448
9/23/2011,1.343
9/26/2011,1.35
9/27/2011,1.3579
9/28/2011,1.3631
9/29/2011,1.3615
9/30/2011,1.3503
10/3/2011,1.3327
10/4/2011,1.3181
10/5/2011,1.3337
10/6/2011,1.3269
10/7/2011,1.3434
10/10/2011,1.3593
10/11/2011,1.3607
10/12/2011,1.3766
10/13/2011,1.3727
10/14/2011,1.3807
10/17/2011,1.3776
10/18/2011,1.3676
10/19/2011,1.3828
10/20/2011,1.3807
10/21/2011,1.3798
10/24/2011,1.3856
10/25/2011,1.3918
10/26/2011,1.3927
10/27/2011,1.4038
10/28/2011,1.416
10/31/2011,1.4001
11/1/2011,1.3627
11/2/2011,1.3809
11/3/2011,1.3773
11/4/2011,1.3773
11/7/2011,1.3742
11/8/2011,1.3788
11/9/2011,1.3633
11/10/2011,1.3616
11/11/2011,1.365
11/14/2011,1.3659
11/15/2011,1.3532
11/16/2011,1.3484
11/17/2011,1.348
11/18/2011,1.3576
11/21/2011,1.3458
11/22/2011,1.3535
11/23/2011,1.3387
11/24/2011,1.3373
11/25/2011,1.3229
11/28/2011,1.3348
11/29/2011,1.3336
11/30/2011,1.3418
12/1/2011,1.3492
12/2/2011,1.3511
12/5/2011,1.3442
12/6/2011,1.3394
12/7/2011,1.3377
12/8/2011,1.341
12/9/2011,1.3384
12/12/2011,1.3251
12/13/2011,1.3181
12/14/2011,1.2993
12/15/2011,1.3019
12/16/2011,1.3064
12/19/2011,1.3039
12/20/2011,1.3074
12/21/2011,1.3054
12/22/2011,1.3047
12/23/2011,1.3057
12/27/2011,1.3069
12/28/2011,1.3074
12/29/2011,1.2889
12/30/2011,1.2939
1/2/2012,1.2935
1/3/2012,1.3014
1/4/2012,1.2948
1/5/2012,1.2832
1/6/2012,1.2776
1/9/2012,1.2728
1/10/2012,1.2808
1/11/2012,1.2718
1/12/2012,1.2736
1/13/2012,1.2771
1/16/2012,1.2669
1/17/2012,1.279
1/18/2012,1.2831
1/19/2012,1.2911
1/20/2012,1.2902
1/23/2012,1.3017
1/24/2012,1.3003
1/25/2012,1.2942
1/26/2012,1.3145
1/27/2012,1.3145
1/30/2012,1.311
1/31/2012,1.3176
2/1/2012,1.3175
2/2/2012,1.3094
2/3/2012,1.316
2/6/2012,1.3042
2/7/2012,1.3113
2/8/2012,1.3274
2/9/2012,1.3288
2/10/2012,1.3189
2/13/2012,1.3254
2/14/2012,1.3169
2/15/2012,1.3092
2/16/2012,1.2982
2/17/2012,1.3159
2/20/2012,1.3266
2/21/2012,1.3222
2/22/2012,1.323
2/23/2012,1.33
2/24/2012,1.3412
2/27/2012,1.3388
2/28/2012,1.3454
2/29/2012,1.3443
3/1/2012,1.3312
3/2/2012,1.3217
3/5/2012,1.322
3/6/2012,1.3153
3/7/2012,1.312
3/8/2012,1.3242
3/9/2012,1.3191
3/12/2012,1.3119
3/13/2012,1.3057
3/14/2012,1.3062
3/15/2012,1.3057
3/16/2012,1.3116
3/19/2012,1.315
3/20/2012,1.3198
3/21/2012,1.3225
3/22/2012,1.3167
3/23/2012,1.3242
3/26/2012,1.3276
3/27/2012,1.3333
3/28/2012,1.3337
3/29/2012,1.3272
3/30/2012,1.3356
4/2/2012,1.3319
4/3/2012,1.3315
4/4/2012,1.3142
4/5/2012,1.3068
4/10/2012,1.3114
4/11/2012,1.3131
4/12/2012,1.3153
4/13/2012,1.3148
4/16/2012,1.3024
4/17/2012,1.3132
4/18/2012,1.3093
4/19/2012,1.3086
4/20/2012,1.3192
4/23/2012,1.3131
4/24/2012,1.3161
4/25/2012,1.3206
4/26/2012,1.3215
4/27/2012,1.3229
4/30/2012,1.3214
5/2/2012,1.3131
5/3/2012,1.3123
5/4/2012,1.3132
5/7/2012,1.3033
5/8/2012,1.3025
5/9/2012,1.295
5/10/2012,1.2961
5/11/2012,1.2944
5/14/2012,1.2863
5/15/2012,1.2843
5/16/2012,1.2738
5/17/2012,1.2682
5/18/2012,1.2721
5/21/2012,1.275
5/22/2012,1.2768
5/23/2012,1.2659
5/24/2012,1.2557
5/25/2012,1.2546
5/28/2012,1.2566
5/29/2012,1.2523
5/30/2012,1.2438
5/31/2012,1.2403
6/1/2012,1.2322
6/4/2012,1.2437
6/5/2012,1.2429
6/6/2012,1.2485
6/7/2012,1.2595
6/8/2012,1.2468
6/11/2012,1.2544
6/12/2012,1.2492
6/13/2012,1.2534
6/14/2012,1.2551
6/15/2012,1.2596
6/18/2012,1.2618
6/19/2012,1.2619
6/20/2012,1.2704
6/21/2012,1.267
6/22/2012,1.2539
6/25/2012,1.2488
6/26/2012,1.2475
6/27/2012,1.2478
6/28/2012,1.2418
6/29/2012,1.259
7/2/2012,1.2593
7/3/2012,1.2575
7/4/2012,1.256
7/5/2012,1.2426
7/6/2012,1.2377
7/9/2012,1.2293
7/10/2012,1.2285
7/11/2012,1.226
7/12/2012,1.2178
7/13/2012,1.2185
7/16/2012,1.2177
7/17/2012,1.2281
7/18/2012,1.2234
7/19/2012,1.2287
7/20/2012,1.22
7/23/2012,1.2105
7/24/2012,1.2089
7/25/2012,1.2134
7/26/2012,1.226
7/27/2012,1.2317
7/30/2012,1.2246
7/31/2012,1.2284
8/1/2012,1.2298
8/2/2012,1.2346
8/3/2012,1.2245
8/6/2012,1.2379
8/7/2012,1.2436
8/8/2012,1.2336
8/9/2012,1.2301
8/10/2012,1.2262
8/13/2012,1.2339
8/14/2012,1.2352
8/15/2012,1.2276
8/16/2012,1.2279
8/17/2012,1.2337
8/20/2012,1.23
8/21/2012,1.2428
8/22/2012,1.2448
8/23/2012,1.2552
8/24/2012,1.2507
8/27/2012,1.253
8/28/2012,1.2548
8/29/2012,1.2545
8/30/2012,1.2544
8/31/2012,1.2611
9/3/2012,1.2568
9/4/2012,1.2579
9/5/2012,1.2578
9/6/2012,1.2638
9/7/2012,1.2706
9/10/2012,1.2776
9/11/2012,1.2787
9/12/2012,1.2896
9/13/2012,1.291
9/14/2012,1.3095
9/17/2012,1.3086
9/18/2012,1.3054
9/19/2012,1.3002
9/20/2012,1.2954
9/21/2012,1.2988
9/24/2012,1.2916
9/25/2012,1.2932
9/26/2012,1.2845
9/27/2012,1.2874
9/28/2012,1.293
10/1/2012,1.2877
10/2/2012,1.293
10/3/2012,1.2904
10/4/2012,1.2951
10/5/2012,1.3002
10/8/2012,1.2958
10/9/2012,1.2953
10/10/2012,1.2889
10/11/2012,1.2918
10/12/2012,1.297
10/15/2012,1.2971
10/16/2012,1.3046
10/17/2012,1.312
10/18/2012,1.3118
10/19/2012,1.3035
10/22/2012,1.3063
10/23/2012,1.3005
10/24/2012,1.2942
10/25/2012,1.2993
10/26/2012,1.2908
10/29/2012,1.2898
10/30/2012,1.2962
10/31/2012,1.2993
11/1/2012,1.2975
11/2/2012,1.285
11/5/2012,1.2777
11/6/2012,1.28
11/7/2012,1.2746
11/8/2012,1.2736
11/9/2012,1.2694
11/12/2012,1.2735
11/13/2012,1.2696
11/14/2012,1.2726
11/15/2012,1.2756
11/16/2012,1.2745
11/19/2012,1.2762
11/20/2012,1.2809
11/21/2012,1.2805
11/22/2012,1.2893
11/23/2012,1.2909
11/26/2012,1.2964
11/27/2012,1.2961
11/28/2012,1.2891
11/29/2012,1.2994
11/30/2012,1.2986
12/3/2012,1.3057
12/4/2012,1.3092
12/5/2012,1.3065
12/6/2012,1.3072
12/7/2012,1.2905
12/10/2012,1.293
12/11/2012,1.2993
12/12/2012,1.304
12/13/2012,1.3077
12/14/2012,1.3081
12/17/2012,1.316
12/18/2012,1.3178
12/19/2012,1.3302
12/20/2012,1.3246
12/21/2012,1.3209
12/24/2012,1.3218
12/27/2012,1.3266
12/28/2012,1.3183
12/31/2012,1.3194
1/2/2013,1.3262
1/3/2013,1.3102
1/4/2013,1.3012
1/7/2013,1.3039
1/8/2013,1.3086
1/9/2013,1.3056
1/10/2013,1.3113
1/11/2013,1.3274
1/14/2013,1.3341
1/15/2013,1.3327
1/16/2013,1.3277
1/17/2013,1.3368
1/18/2013,1.3324
1/21/2013,1.3323
1/22/2013,1.3317
1/23/2013,1.333
1/24/2013,1.3349
1/25/2013,1.3469
1/28/2013,1.3444
1/29/2013,1.3433
1/30/2013,1.3541
1/31/2013,1.355
2/1/2013,1.3644
2/4/2013,1.3552
2/5/2013,1.3537
2/6/2013,1.3517
2/7/2013,1.3546
2/8/2013,1.3374
2/11/2013,1.3391
2/12/2013,1.3438
2/13/2013,1.348
2/14/2013,1.3327
2/15/2013,1.3325
2/18/2013,1.3352
2/19/2013,1.3349
2/20/2013,1.337
2/21/2013,1.3186
2/22/2013,1.3186
2/25/2013,1.3304
2/26/2013,1.3077
2/27/2013,1.3097
2/28/2013,1.3129
3/1/2013,1.3
3/4/2013,1.3007
3/5/2013,1.3034
3/6/2013,1.3035
3/7/2013,1.301
3/8/2013,1.309
3/11/2013,1.2994
3/12/2013,1.3053
3/13/2013,1.2981
3/14/2013,1.2937
3/15/2013,1.3086
3/18/2013,1.2929
3/19/2013,1.2944
3/20/2013,1.2945
3/21/2013,1.291
3/22/2013,1.2948
3/25/2013,1.2935
3/26/2013,1.2861
3/27/2013,1.2768
3/28/2013,1.2805
4/2/2013,1.284
4/3/2013,1.2828
4/4/2013,1.2818
4/5/2013,1.2944
4/8/2013,1.3023
4/9/2013,1.304
4/10/2013,1.3086
4/11/2013,1.3119
4/12/2013,1.3052
4/15/2013,1.3081
4/16/2013,1.3129
4/17/2013,1.3129
4/18/2013,1.3045
4/19/2013,1.3115
4/22/2013,1.3037
4/23/2013,1.299
4/24/2013,1.3006
4/25/2013,1.308
4/26/2013,1.2999
4/29/2013,1.3113
4/30/2013,1.3072
5/2/2013,1.3191
5/3/2013,1.3114
5/6/2013,1.3107
5/7/2013,1.3107
5/8/2013,1.3135
5/9/2013,1.3142
5/10/2013,1.2988
5/13/2013,1.2973
5/14/2013,1.2977
5/15/2013,1.2864
5/16/2013,1.289
5/17/2013,1.2869
5/20/2013,1.2853
5/21/2013,1.2866
5/22/2013,1.2923
5/23/2013,1.2888
5/24/2013,1.2939
5/27/2013,1.2939
5/28/2013,1.2938
5/29/2013,1.2952
5/30/2013,1.2944
5/31/2013,1.3006
6/3/2013,1.3008
6/4/2013,1.3092
6/5/2013,1.3067
6/6/2013,1.3118
6/7/2013,1.326
6/10/2013,1.3209
6/11/2013,1.3273
6/12/2013,1.3277
6/13/2013,1.3315
6/14/2013,1.3303
6/17/2013,1.3337
6/18/2013,1.3374
6/19/2013,1.3406
6/20/2013,1.32
6/21/2013,1.318
6/24/2013,1.3086
6/25/2013,1.3134
6/26/2013,1.3024
6/27/2013,1.3032
6/28/2013,1.308
7/1/2013,1.3037
7/2/2013,1.3017
7/3/2013,1.2959
7/4/2013,1.2984
7/5/2013,1.2883
7/8/2013,1.285
7/9/2013,1.2857
7/10/2013,1.2813
7/11/2013,1.3044
7/12/2013,1.3034
7/15/2013,1.3012
7/16/2013,1.3118
7/17/2013,1.3136
7/18/2013,1.3093
7/19/2013,1.3123
7/22/2013,1.3166
7/23/2013,1.318
7/24/2013,1.3246
7/25/2013,1.3202
7/26/2013,1.326
7/29/2013,1.327
7/30/2013,1.3284
7/31/2013,1.3275
8/1/2013,1.3236
8/2/2013,1.3203
8/5/2013,1.3257
8/6/2013,1.328
8/7/2013,1.3305
8/8/2013,1.336
8/9/2013,1.3373
8/12/2013,1.328
8/13/2013,1.329
8/14/2013,1.3243
8/15/2013,1.3297
8/16/2013,1.334
8/19/2013,1.3344
8/20/2013,1.3392
8/21/2013,1.3384
8/22/2013,1.3323
8/23/2013,1.3355
8/26/2013,1.3361
8/27/2013,1.3338
8/28/2013,1.3347
8/29/2013,1.3266
8/30/2013,1.3235
9/2/2013,1.3207
9/3/2013,1.3172
9/4/2013,1.3171
9/5/2013,1.3202
9/6/2013,1.3117
9/9/2013,1.3194
9/10/2013,1.324
9/11/2013,1.3268
9/12/2013,1.329
9/13/2013,1.3295
9/16/2013,1.3357
9/17/2013,1.3356
9/18/2013,1.3352
9/19/2013,1.3545
9/20/2013,1.3514
9/23/2013,1.3508
9/24/2013,1.3473
9/25/2013,1.3504
9/26/2013,1.3499
9/27/2013,1.3537
9/30/2013,1.3505
10/1/2013,1.3554
10/2/2013,1.3515
10/3/2013,1.3594
10/4/2013,1.3593
10/7/2013,1.3572
10/8/2013,1.3576
10/9/2013,1.3515
10/10/2013,1.3532
10/11/2013,1.3566
10/14/2013,1.3564
10/15/2013,1.3493
10/16/2013,1.3561
10/17/2013,1.3662
10/18/2013,1.3684
10/21/2013,1.3667
10/22/2013,1.3674
10/23/2013,1.3752
10/24/2013,1.3805
10/25/2013,1.3777
10/28/2013,1.3784
10/29/2013,1.3768
10/30/2013,1.3755
10/31/2013,1.3641
11/1/2013,1.3505
11/4/2013,1.3506
11/5/2013,1.3494
11/6/2013,1.3517
11/7/2013,1.3365
11/8/2013,1.3431
11/11/2013,1.3394
11/12/2013,1.3432
11/13/2013,1.3415
11/14/2013,1.3436
11/15/2013,1.346
11/18/2013,1.3517
11/19/2013,1.3502
11/20/2013,1.3527
11/21/2013,1.3472
11/22/2013,1.3518
11/25/2013,1.3514
11/26/2013,1.3547
11/27/2013,1.3596
11/28/2013,1.3592
11/29/2013,1.3611
12/2/2013,1.3536
12/3/2013,1.3578
12/4/2013,1.3592
12/5/2013,1.3594
12/6/2013,1.3661
12/9/2013,1.3722
12/10/2013,1.375
12/11/2013,1.3767
12/12/2013,1.3775
12/13/2013,1.3727
12/16/2013,1.3776
12/17/2013,1.3749
12/18/2013,1.3749
12/19/2013,1.3667
12/20/2013,1.3655
12/23/2013,1.3702
12/24/2013,1.3684
12/27/2013,1.3814
12/30/2013,1.3783
12/31/2013,1.3791
1/2/2014,1.3658
1/3/2014,1.3634
1/6/2014,1.3602
1/7/2014,1.3641
1/8/2014,1.3594
1/9/2014,1.3612
1/10/2014,1.3587
1/13/2014,1.3654
1/14/2014,1.3667
1/15/2014,1.3606
1/16/2014,1.3597
1/17/2014,1.3584
1/20/2014,1.3566
1/21/2014,1.3526
1/22/2014,1.3566
1/23/2014,1.3639
1/24/2014,1.3687
1/27/2014,1.3658
1/28/2014,1.3649
1/29/2014,1.3608
1/30/2014,1.3574
1/31/2014,1.3516
2/3/2014,1.3498
2/4/2014,1.3519
2/5/2014,1.3543
2/6/2014,1.3495
2/7/2014,1.3574
2/10/2014,1.3638
2/11/2014,1.3676
2/12/2014,1.3573
2/13/2014,1.3675
2/14/2014,1.3707
2/17/2014,1.3699
2/18/2014,1.3731
2/19/2014,1.3745
2/20/2014,1.3706
2/21/2014,1.3707
2/24/2014,1.3735
2/25/2014,1.3754
2/26/2014,1.3726
2/27/2014,1.3656
2/28/2014,1.3813
3/3/2014,1.3768
3/4/2014,1.3768
3/5/2014,1.3732
3/6/2014,1.3745
3/7/2014,1.3894
3/10/2014,1.3881
3/11/2014,1.385
3/12/2014,1.3887
3/13/2014,1.3942
3/14/2014,1.3884
3/17/2014,1.3906
3/18/2014,1.3902
3/19/2014,1.3913
3/20/2014,1.3762
3/21/2014,1.378
3/24/2014,1.3774
3/25/2014,1.3789
3/26/2014,1.3791
3/27/2014,1.3758
3/28/2014,1.3759
3/31/2014,1.3788
4/1/2014,1.379
4/2/2014,1.3795
4/3/2014,1.3771
4/4/2014,1.37
4/7/2014,1.3723
4/8/2014,1.3774
4/9/2014,1.3794
4/10/2014,1.3867
4/11/2014,1.3872
4/14/2014,1.3827
4/15/2014,1.3803
4/16/2014,1.384
4/17/2014,1.3855
4/22/2014,1.3817
4/23/2014,1.3834
4/24/2014,1.382
4/25/2014,1.3831
4/28/2014,1.3861
4/29/2014,1.3826
4/30/2014,1.385
5/2/2014,1.3862
5/5/2014,1.3874
5/6/2014,1.3945
5/7/2014,1.3927
5/8/2014,1.3953
5/9/2014,1.3781
5/12/2014,1.3765
5/13/2014,1.3703
5/14/2014,1.3719
5/15/2014,1.3659
5/16/2014,1.3696
5/19/2014,1.3715
5/20/2014,1.3702
5/21/2014,1.3676
5/22/2014,1.3668
5/23/2014,1.363
5/26/2014,1.3635
5/27/2014,1.3638
5/28/2014,1.3608
5/29/2014,1.3612
5/30/2014,1.3607
6/2/2014,1.3611
6/3/2014,1.3645
6/4/2014,1.3627
6/5/2014,1.3567
6/6/2014,1.3642
6/9/2014,1.3608
6/10/2014,1.3547
6/11/2014,1.3547
6/12/2014,1.3528
6/13/2014,1.3534
6/16/2014,1.3532
6/17/2014,1.3568
6/18/2014,1.3563
6/19/2014,1.362
6/20/2014,1.3588
6/23/2014,1.3596
6/24/2014,1.3618
6/25/2014,1.3615
6/26/2014,1.3606
6/27/2014,1.362
6/30/2014,1.3658
7/1/2014,1.3688
7/2/2014,1.3656
7/3/2014,1.3646
7/4/2014,1.3588
7/7/2014,1.3592
7/8/2014,1.3589
7/9/2014,1.3603
7/10/2014,1.3604
7/11/2014,1.3595
7/14/2014,1.3627
7/15/2014,1.3613
7/16/2014,1.3532
7/17/2014,1.3525
7/18/2014,1.3525
7/21/2014,1.3518
7/22/2014,1.3481
7/23/2014,1.3465
7/24/2014,1.3472
7/25/2014,1.344
7/28/2014,1.3433
7/29/2014,1.3429
7/30/2014,1.3401
7/31/2014,1.3379
8/1/2014,1.3395
8/4/2014,1.3422
8/5/2014,1.3382
8/6/2014,1.3345
8/7/2014,1.3368
8/8/2014,1.3388
8/11/2014,1.3386
8/12/2014,1.3346
8/13/2014,1.336
8/14/2014,1.3373
8/15/2014,1.3388
8/18/2014,1.3383
8/19/2014,1.3354
8/20/2014,1.3284
8/21/2014,1.3262
8/22/2014,1.3267
8/25/2014,1.32
8/26/2014,1.3192
8/27/2014,1.3177
8/28/2014,1.3178
8/29/2014,1.3188
9/1/2014,1.3133
9/2/2014,1.3115
9/3/2014,1.3151
9/4/2014,1.3015
9/5/2014,1.2948
9/8/2014,1.2947
9/9/2014,1.2902
9/10/2014,1.2929
9/11/2014,1.2928
9/12/2014,1.2931
9/15/2014,1.2911
9/16/2014,1.2949
9/17/2014,1.2956
9/18/2014,1.2872
9/19/2014,1.2852
9/22/2014,1.2845
9/23/2014,1.2892
9/24/2014,1.2826
9/25/2014,1.2712
9/26/2014,1.2732
9/29/2014,1.2701
9/30/2014,1.2583
10/1/2014,1.2603
10/2/2014,1.2631
10/3/2014,1.2616
10/6/2014,1.2565
10/7/2014,1.2607
10/8/2014,1.2645
10/9/2014,1.2763
10/10/2014,1.2638
10/13/2014,1.2679
10/14/2014,1.2646
10/15/2014,1.2666
10/16/2014,1.2749
10/17/2014,1.2823
10/20/2014,1.2773
10/21/2014,1.2762
10/22/2014,1.2693
10/23/2014,1.2669
10/24/2014,1.2659
10/27/2014,1.2679
10/28/2014,1.2748
10/29/2014,1.2737
10/30/2014,1.2598
10/31/2014,1.2524
11/3/2014,1.2493
11/4/2014,1.2514
11/5/2014,1.248
11/6/2014,1.2517
11/7/2014,1.2393
11/10/2014,1.2486
11/11/2014,1.2424
11/12/2014,1.2467
11/13/2014,1.2456
11/14/2014,1.2436
11/17/2014,1.2496
11/18/2014,1.2514
11/19/2014,1.2535
11/20/2014,1.2539
11/21/2014,1.2422
11/24/2014,1.241
11/25/2014,1.2424
11/26/2014,1.2475
11/27/2014,1.248
11/28/2014,1.2483
12/1/2014,1.2469
12/2/2014,1.2424
12/3/2014,1.2331
12/4/2014,1.2311
12/5/2014,1.2362
12/8/2014,1.2258
12/9/2014,1.2369
12/10/2014,1.2392
12/11/2014,1.2428
12/12/2014,1.245
12/15/2014,1.2426
12/16/2014,1.2537
12/17/2014,1.2448
12/18/2014,1.2285
12/19/2014,1.2279
12/22/2014,1.2259
12/23/2014,1.2213
12/24/2014,1.2219
12/29/2014,1.2197
12/30/2014,1.216
12/31/2014,1.2141
1/2/2015,1.2043
1/5/2015,1.1915
1/6/2015,1.1914
1/7/2015,1.1831
1/8/2015,1.1768
1/9/2015,1.1813
1/12/2015,1.1804
1/13/2015,1.1782
1/14/2015,1.1775
1/15/2015,1.1708
1/16/2015,1.1588
1/19/2015,1.1605
1/20/2015,1.1579
1/21/2015,1.1593
1/22/2015,1.1618
1/23/2015,1.1198
1/26/2015,1.1244
1/27/2015,1.1306
1/28/2015,1.1344
1/29/2015,1.1315
1/30/2015,1.1305
2/2/2015,1.131
2/3/2015,1.1376
2/4/2015,1.1446
2/5/2015,1.141
2/6/2015,1.1447
2/9/2015,1.1275
2/10/2015,1.1297
2/11/2015,1.1314
2/12/2015,1.1328
2/13/2015,1.1381
2/16/2015,1.1408
2/17/2015,1.1415
2/18/2015,1.1372
2/19/2015,1.1387
2/20/2015,1.1298
2/23/2015,1.1298
2/24/2015,1.1328
2/25/2015,1.1346
2/26/2015,1.1317
2/27/2015,1.124
3/2/2015,1.1227
3/3/2015,1.1168
3/4/2015,1.1124
3/5/2015,1.1069
3/6/2015,1.0963
3/9/2015,1.086
3/10/2015,1.0738
3/11/2015,1.0578
3/12/2015,1.0613
3/13/2015,1.0572
3/16/2015,1.0557
3/17/2015,1.0635
3/18/2015,1.0592
3/19/2015,1.0677
3/20/2015,1.0776
3/23/2015,1.0912
3/24/2015,1.095
3/25/2015,1.0985
3/26/2015,1.0973
3/27/2015,1.0856
3/30/2015,1.0845
3/31/2015,1.0759
4/1/2015,1.0755
4/2/2015,1.083
4/7/2015,1.0847
4/8/2015,1.0862
4/9/2015,1.0774
4/10/2015,1.057
4/13/2015,1.0552
4/14/2015,1.0564
4/15/2015,1.0579
4/16/2015,1.0711
4/17/2015,1.0814
4/20/2015,1.0723
4/21/2015,1.07
4/22/2015,1.0743
4/23/2015,1.0772
4/24/2015,1.0824
4/27/2015,1.0822
4/28/2015,1.0927
4/29/2015,1.1002
4/30/2015,1.1215
5/4/2015,1.1152
5/5/2015,1.1117
5/6/2015,1.123
5/7/2015,1.1305
5/8/2015,1.1221
5/11/2015,1.1142
5/12/2015,1.1239
5/13/2015,1.1221
5/14/2015,1.1419
5/15/2015,1.1328
5/18/2015,1.1389
5/19/2015,1.118
5/20/2015,1.1118
5/21/2015,1.1133
5/22/2015,1.1164
5/25/2015,1.0978
5/26/2015,1.0926
5/27/2015,1.0863
5/28/2015,1.0896
5/29/2015,1.097
6/1/2015,1.0944
6/2/2015,1.1029
6/3/2015,1.1134
6/4/2015,1.1317
6/5/2015,1.1218
6/8/2015,1.1162
6/9/2015,1.1249
6/10/2015,1.1279
6/11/2015,1.1232
6/12/2015,1.122
6/15/2015,1.1218
6/16/2015,1.1215
6/17/2015,1.1279
6/18/2015,1.1404
6/19/2015,1.1299
6/22/2015,1.1345
6/23/2015,1.1204
6/24/2015,1.1213
6/25/2015,1.1206
6/26/2015,1.1202
6/29/2015,1.1133
6/30/2015,1.1189
7/1/2015,1.11
7/2/2015,1.1066
7/3/2015,1.1096
7/6/2015,1.1008
7/7/2015,1.0931
7/8/2015,1.1024
7/9/2015,1.1054
7/10/2015,1.1185
7/13/2015,1.1049
7/14/2015,1.1031
7/15/2015,1.1009
7/16/2015,1.0867
7/17/2015,1.0889
7/20/2015,1.0852
7/21/2015,1.0867
7/22/2015,1.0902
7/23/2015,1.0999
7/24/2015,1.0939
7/27/2015,1.1058
7/28/2015,1.1025
7/29/2015,1.103
7/30/2015,1.0955
7/31/2015,1.0967
8/3/2015,1.0951
8/4/2015,1.0973
8/5/2015,1.0883
8/6/2015,1.0885
8/7/2015,1.0941
8/10/2015,1.096
8/11/2015,1.1055
8/12/2015,1.1155
8/13/2015,1.1109
8/14/2015,1.1171
8/17/2015,1.11
8/18/2015,1.106
8/19/2015,1.1041
8/20/2015,1.1183
8/21/2015,1.1281
8/24/2015,1.1497
8/25/2015,1.1506
8/26/2015,1.1402
8/27/2015,1.1284
8/28/2015,1.1268
8/31/2015,1.1215
9/1/2015,1.1236
9/2/2015,1.1255
9/3/2015,1.1229
9/4/2015,1.1138
9/7/2015,1.1146
9/8/2015,1.1162
9/9/2015,1.1139
9/10/2015,1.1185
9/11/2015,1.1268
9/14/2015,1.1305
9/15/2015,1.132
9/16/2015,1.1228
9/17/2015,1.1312
9/18/2015,1.1419
9/21/2015,1.125
9/22/2015,1.1155
9/23/2015,1.115
9/24/2015,1.1241
9/25/2015,1.1151
9/28/2015,1.117
9/29/2015,1.1204
9/30/2015,1.1203
10/1/2015,1.1153
10/2/2015,1.116
10/5/2015,1.1236
10/6/2015,1.1224
10/7/2015,1.1266
10/8/2015,1.1254
10/9/2015,1.1362
10/12/2015,1.1373
10/13/2015,1.1374
10/14/2015,1.141
10/15/2015,1.1439
10/16/2015,1.136
10/19/2015,1.1333
10/20/2015,1.1373
10/21/2015,1.1354
10/22/2015,1.1313
10/23/2015,1.1084
10/26/2015,1.1011
10/27/2015,1.1061
10/28/2015,1.1085
10/29/2015,1.093
10/30/2015,1.1017
11/2/2015,1.1032
11/3/2015,1.0976
11/4/2015,1.0935
11/5/2015,1.0883
11/6/2015,1.0864
11/9/2015,1.0776
11/10/2015,1.0711
11/11/2015,1.0716
11/12/2015,1.0726
11/13/2015,1.0764
11/16/2015,1.0723
11/17/2015,1.067
11/18/2015,1.0666
11/19/2015,1.0687
11/20/2015,1.0688
11/23/2015,1.0631
11/24/2015,1.0651
11/25/2015,1.0586
11/26/2015,1.0612
11/27/2015,1.058
11/30/2015,1.0579
12/1/2015,1.06
12/2/2015,1.0612
12/3/2015,1.0671
12/4/2015,1.0902
12/7/2015,1.0809
12/8/2015,1.0875
12/9/2015,1.0941
12/10/2015,1.0943
12/11/2015,1.095
12/14/2015,1.0983
12/15/2015,1.099
12/16/2015,1.0933
12/17/2015,1.0841
12/18/2015,1.0836
12/21/2015,1.087
12/22/2015,1.0952
12/23/2015,1.0916
12/24/2015,1.0947
12/28/2015,1.0962
12/29/2015,1.0952
12/30/2015,1.0926
12/31/2015,1.0887
1/4/2016,1.0898
1/5/2016,1.0746
1/6/2016,1.0742
1/7/2016,1.0868
1/8/2016,1.0861
1/11/2016,1.0888
1/12/2016,1.0836
1/13/2016,1.0816
1/14/2016,1.0893
1/15/2016,1.0914
1/18/2016,1.0892
1/19/2016,1.0868
1/20/2016,1.0907
1/21/2016,1.0893
1/22/2016,1.0808
1/25/2016,1.0815
1/26/2016,1.0837
1/27/2016,1.0888
1/28/2016,1.0903
1/29/2016,1.092
2/1/2016,1.0884
2/2/2016,1.0919
2/3/2016,1.0933
2/4/2016,1.1206
2/5/2016,1.1202
2/8/2016,1.1101
2/9/2016,1.1236
2/10/2016,1.1257
2/11/2016,1.1347
2/12/2016,1.1275
2/15/2016,1.118
2/16/2016,1.1166
2/17/2016,1.1136
2/18/2016,1.1084
2/19/2016,1.1096
2/22/2016,1.1026
2/23/2016,1.1002
2/24/2016,1.0981
2/25/2016,1.1027
2/26/2016,1.1006
2/29/2016,1.0888
3/1/2016,1.0872
3/2/2016,1.0856
3/3/2016,1.0901
3/4/2016,1.097
3/7/2016,1.0953
3/8/2016,1.1028
3/9/2016,1.0973
3/10/2016,1.0857
3/11/2016,1.109
3/14/2016,1.1119
3/15/2016,1.1109
3/16/2016,1.1064
3/17/2016,1.1311
3/18/2016,1.1279
3/21/2016,1.1271
3/22/2016,1.1212
3/23/2016,1.1171
3/24/2016,1.1154
3/29/2016,1.1194
3/30/2016,1.1324
3/31/2016,1.1385
4/1/2016,1.1432
4/4/2016,1.138
4/5/2016,1.1367
4/6/2016,1.1336
4/7/2016,1.1364
4/8/2016,1.1363
4/11/2016,1.139
4/12/2016,1.1396
4/13/2016,1.1298
4/14/2016,1.1252
4/15/2016,1.1284
4/18/2016,1.1306
4/19/2016,1.1343
4/20/2016,1.1379
4/21/2016,1.1355
4/22/2016,1.1263
4/25/2016,1.1264
4/26/2016,1.1287
4/27/2016,1.1303
4/28/2016,1.1358
4/29/2016,1.1403
5/2/2016,1.1493
5/3/2016,1.1569
5/4/2016,1.1505
5/5/2016,1.1439
5/6/2016,1.1427
5/9/2016,1.1395
5/10/2016,1.1375
5/11/2016,1.1409
5/12/2016,1.1389
5/13/2016,1.1348
5/16/2016,1.1324
5/17/2016,1.1318
5/18/2016,1.1279
5/19/2016,1.1197
5/20/2016,1.1219
5/23/2016,1.1215
5/24/2016,1.1168
5/25/2016,1.1146
5/26/2016,1.1168
5/27/2016,1.1168
5/30/2016,1.1139
5/31/2016,1.1154
6/1/2016,1.1174
6/2/2016,1.1188
6/3/2016,1.1154
6/6/2016,1.1349
6/7/2016,1.1348
6/8/2016,1.1378
6/9/2016,1.1343
6/10/2016,1.1304
6/13/2016,1.1268
6/14/2016,1.1225
6/15/2016,1.123
6/16/2016,1.1174
6/17/2016,1.1254
6/20/2016,1.1332
6/21/2016,1.1314
6/22/2016,1.1283
6/23/2016,1.1389
6/24/2016,1.1066
6/27/2016,1.0998
6/28/2016,1.1073
6/29/2016,1.109
6/30/2016,1.1102
7/1/2016,1.1135
7/4/2016,1.1138
7/5/2016,1.1146
7/6/2016,1.1069
7/7/2016,1.108
7/8/2016,1.107
7/11/2016,1.1049
7/12/2016,1.1092
7/13/2016,1.1072
7/14/2016,1.1157
7/15/2016,1.1128
7/18/2016,1.1053
7/19/2016,1.1035
7/20/2016,1.1013
7/21/2016,1.1015
7/22/2016,1.1014
7/25/2016,1.0982
7/26/2016,1.0997
7/27/2016,1.0991
7/28/2016,1.109
7/29/2016,1.1113
8/1/2016,1.1164
8/2/2016,1.1193
8/3/2016,1.12
8/4/2016,1.1136
8/5/2016,1.1156
8/8/2016,1.1087
8/9/2016,1.1078
8/10/2016,1.1184
8/11/2016,1.1153
8/12/2016,1.1158
8/15/2016,1.118
8/16/2016,1.1295
8/17/2016,1.1276
8/18/2016,1.1321
8/19/2016,1.1326
8/22/2016,1.1306
8/23/2016,1.1339
8/24/2016,1.1268
8/25/2016,1.129
8/26/2016,1.129
8/29/2016,1.117
8/30/2016,1.1168
8/31/2016,1.1132
9/1/2016,1.1146
9/2/2016,1.1193
9/5/2016,1.1156
9/6/2016,1.1159
9/7/2016,1.1237
9/8/2016,1.1296
9/9/2016,1.1268
9/12/2016,1.1226
9/13/2016,1.1247
9/14/2016,1.1218
9/15/2016,1.1254
9/16/2016,1.1226
9/19/2016,1.1165
9/20/2016,1.1184
9/21/2016,1.115
9/22/2016,1.1238
9/23/2016,1.1214
9/26/2016,1.1262
9/27/2016,1.122
9/28/2016,1.1225
9/29/2016,1.1221
9/30/2016,1.1161
10/3/2016,1.1236
10/4/2016,1.1161
10/5/2016,1.1211
10/6/2016,1.1185
10/7/2016,1.114
10/10/2016,1.116
10/11/2016,1.1079
10/12/2016,1.102
10/13/2016,1.1038
10/14/2016,1.1002
10/17/2016,1.0994
10/18/2016,1.0993
10/19/2016,1.0979
10/20/2016,1.098
10/21/2016,1.0886
10/24/2016,1.0891
10/25/2016,1.0872
10/26/2016,1.0925
10/27/2016,1.0927
10/28/2016,1.0922
10/31/2016,1.0946
11/1/2016,1.1025
11/2/2016,1.1095
11/3/2016,1.1064
11/4/2016,1.1093
11/7/2016,1.1062
11/8/2016,1.1038
11/9/2016,1.1022
11/10/2016,1.0895
11/11/2016,1.0904
11/14/2016,1.0777
11/15/2016,1.0765
11/16/2016,1.0702
11/17/2016,1.0717
11/18/2016,1.0629
11/21/2016,1.0631
11/22/2016,1.0617
11/23/2016,1.0602
11/24/2016,1.0548
11/25/2016,1.0592
11/28/2016,1.0588
11/29/2016,1.0576
11/30/2016,1.0635
12/1/2016,1.0627
12/2/2016,1.0642
12/5/2016,1.0702
12/6/2016,1.0734
12/7/2016,1.073
12/8/2016,1.0762
12/9/2016,1.0559
12/12/2016,1.0596
12/13/2016,1.061
12/14/2016,1.0644
12/15/2016,1.0419
12/16/2016,1.0439
12/19/2016,1.0422
12/20/2016,1.0364
12/21/2016,1.0421
12/22/2016,1.0444
12/23/2016,1.0446
12/27/2016,1.0445
12/28/2016,1.0401
12/29/2016,1.0453
12/30/2016,1.0541
1/2/2017,1.0465
1/3/2017,1.0385
1/4/2017,1.0437
1/5/2017,1.0501
1/6/2017,1.0589
1/9/2017,1.0516
1/10/2017,1.0567
1/11/2017,1.0503
1/12/2017,1.0679
1/13/2017,1.0661
1/16/2017,1.0594
1/17/2017,1.0684
1/18/2017,1.0664
1/19/2017,1.0668
1/20/2017,1.0632
1/23/2017,1.0715
1/24/2017,1.0748
1/25/2017,1.0743
1/26/2017,1.07
1/27/2017,1.0681
1/30/2017,1.063
1/31/2017,1.0755
2/1/2017,1.079
2/2/2017,1.0808
2/3/2017,1.0741
2/6/2017,1.0712
2/7/2017,1.0675
2/8/2017,1.0665
2/9/2017,1.0692
2/10/2017,1.0629
2/13/2017,1.0629
2/14/2017,1.0623
2/15/2017,1.0555
2/16/2017,1.0652
2/17/2017,1.065
2/20/2017,1.0616
2/21/2017,1.0537
2/22/2017,1.0513
2/23/2017,1.0573
2/24/2017,1.0609
2/27/2017,1.0587
2/28/2017,1.0597
3/1/2017,1.0533
3/2/2017,1.0514
3/3/2017,1.0565
3/6/2017,1.0592
3/7/2017,1.0576
3/8/2017,1.0556
3/9/2017,1.0551
3/10/2017,1.0606
3/13/2017,1.0663
3/14/2017,1.0631
3/15/2017,1.0622
3/16/2017,1.0726
3/17/2017,1.0737
3/20/2017,1.0752
3/21/2017,1.0802
3/22/2017,1.0807
3/23/2017,1.0786
3/24/2017,1.0805
3/27/2017,1.0889
3/28/2017,1.0859
3/29/2017,1.0748
3/30/2017,1.0737
3/31/2017,1.0691
4/3/2017,1.0661
4/4/2017,1.0651
4/5/2017,1.0678
4/6/2017,1.0666
4/7/2017,1.063
4/10/2017,1.0578
4/11/2017,1.0616
4/12/2017,1.0605
4/13/2017,1.063
4/18/2017,1.0682
4/19/2017,1.0725
4/20/2017,1.0745
4/21/2017,1.0698
4/24/2017,1.0848
4/25/2017,1.0891
4/26/2017,1.0893
4/27/2017,1.0881
4/28/2017,1.093
5/2/2017,1.0915
5/3/2017,1.0919
5/4/2017,1.0927
5/5/2017,1.0961
5/8/2017,1.0938
5/9/2017,1.0888
5/10/2017,1.0882
5/11/2017,1.086
5/12/2017,1.0876
5/15/2017,1.0972
5/16/2017,1.1059
5/17/2017,1.1117
5/18/2017,1.1129
5/19/2017,1.1179
5/22/2017,1.1243
5/23/2017,1.1215
5/24/2017,1.1193
5/25/2017,1.1214
5/26/2017,1.1196
5/29/2017,1.1188
5/30/2017,1.1173
5/31/2017,1.1221
6/1/2017,1.1219
6/2/2017,1.1217
6/5/2017,1.1249
6/6/2017,1.1258
6/7/2017,1.1217
6/8/2017,1.1229
6/9/2017,1.1176
6/12/2017,1.1221
6/13/2017,1.1217
6/14/2017,1.1203
6/15/2017,1.1166
6/16/2017,1.1167
6/19/2017,1.1199
6/20/2017,1.1156
6/21/2017,1.1147
6/22/2017,1.1169
6/23/2017,1.1173
6/26/2017,1.1187
6/27/2017,1.1278
6/28/2017,1.1375
6/29/2017,1.1413
6/30/2017,1.1412
7/3/2017,1.1369
7/4/2017,1.1353
7/5/2017,1.1329
7/6/2017,1.1385
7/7/2017,1.1412
7/10/2017,1.1387
7/11/2017,1.1405
7/12/2017,1.1449
7/13/2017,1.1417
7/14/2017,1.1415
7/17/2017,1.1462
7/18/2017,1.1555
7/19/2017,1.1533
7/20/2017,1.1485
7/21/2017,1.1642
7/24/2017,1.1648
7/25/2017,1.1694
7/26/2017,1.1644
7/27/2017,1.1694
7/28/2017,1.1729
7/31/2017,1.1727
8/1/2017,1.1812
8/2/2017,1.1829
8/3/2017,1.186
8/4/2017,1.1868
8/7/2017,1.1797
8/8/2017,1.1814
8/9/2017,1.1731
8/10/2017,1.1732
8/11/2017,1.1765
8/14/2017,1.1797
8/15/2017,1.1744
8/16/2017,1.171
8/17/2017,1.1697
8/18/2017,1.174
8/21/2017,1.1761
8/22/2017,1.1771
8/23/2017,1.1799
8/24/2017,1.1806
8/25/2017,1.1808
8/28/2017,1.1925
8/29/2017,1.2048
8/30/2017,1.1916
8/31/2017,1.1825
9/1/2017,1.192
9/4/2017,1.1905
9/5/2017,1.189
9/6/2017,1.1931
9/7/2017,1.1971
9/8/2017,1.206
9/11/2017,1.1997
9/12/2017,1.1933
9/13/2017,1.1979
9/14/2017,1.1885
9/15/2017,1.1963
9/18/2017,1.1948
9/19/2017,1.1972
9/20/2017,1.2007
9/21/2017,1.1905
9/22/2017,1.1961
9/25/2017,1.1867
9/26/2017,1.1787
9/27/2017,1.1741
9/28/2017,1.1778
9/29/2017,1.1806
10/2/2017,1.1744
10/3/2017,1.1753
10/4/2017,1.1787
10/5/2017,1.1742
10/6/2017,1.1707
10/9/2017,1.1746
10/10/2017,1.1797
10/11/2017,1.183
10/12/2017,1.1856
10/13/2017,1.181
10/16/2017,1.1803
10/17/2017,1.1759
10/18/2017,1.1749
10/19/2017,1.1834
10/20/2017,1.1818
10/23/2017,1.174
10/24/2017,1.1761
10/25/2017,1.1785
10/26/2017,1.1753
10/27/2017,1.1605
10/30/2017,1.1612
10/31/2017,1.1638
11/1/2017,1.1612
11/2/2017,1.1645
11/3/2017,1.1657
11/6/2017,1.159
11/7/2017,1.1562
11/8/2017,1.159
11/9/2017,1.163
11/10/2017,1.1654
11/13/2017,1.1656
11/14/2017,1.1745
11/15/2017,1.184
11/16/2017,1.1771
11/17/2017,1.1795
11/20/2017,1.1781
11/21/2017,1.1718
11/22/2017,1.1749
11/23/2017,1.1848
11/24/2017,1.1877
11/27/2017,1.1952
11/28/2017,1.1888
11/29/2017,1.1827
11/30/2017,1.1849
12/1/2017,1.1885
12/4/2017,1.1865
12/5/2017,1.1847
12/6/2017,1.1817
12/7/2017,1.1786
12/8/2017,1.1742
12/11/2017,1.1796
12/12/2017,1.1766
12/13/2017,1.1736
12/14/2017,1.1845
12/15/2017,1.1806
12/18/2017,1.1795
12/19/2017,1.1823
12/20/2017,1.1845
12/21/2017,1.1859
12/22/2017,1.1853
12/27/2017,1.1895
12/28/2017,1.1934
12/29/2017,1.1993
1/2/2018,1.2065
1/3/2018,1.2023
1/4/2018,1.2065
1/5/2018,1.2045
1/8/2018,1.1973
1/9/2018,1.1932
1/10/2018,1.1992
1/11/2018,1.2017
1/12/2018,1.2137
1/15/2018,1.2277
1/16/2018,1.223
1/17/2018,1.2203
1/18/2018,1.2235
1/19/2018,1.2255
1/22/2018,1.2239
1/23/2018,1.2249
1/24/2018,1.2352
1/25/2018,1.2407
1/26/2018,1.2436
1/29/2018,1.2379
1/30/2018,1.2421
1/31/2018,1.2457
2/1/2018,1.2459
2/2/2018,1.2492
2/5/2018,1.244
2/6/2018,1.2329
2/7/2018,1.2338
2/8/2018,1.2252
2/9/2018,1.2273
2/12/2018,1.2263
2/13/2018,1.2333
2/14/2018,1.2348
2/15/2018,1.2493
2/16/2018,1.2464
2/19/2018,1.241
2/20/2018,1.234
2/21/2018,1.2312
2/22/2018,1.2276
2/23/2018,1.2299
2/26/2018,1.232
2/27/2018,1.2301
2/28/2018,1.2214
3/1/2018,1.2171
3/2/2018,1.2312
3/5/2018,1.2307
3/6/2018,1.2411
3/7/2018,1.2417
3/8/2018,1.2421
3/9/2018,1.2291
3/12/2018,1.2302
3/13/2018,1.2378
3/14/2018,1.2369
3/15/2018,1.2341
3/16/2018,1.2301
3/19/2018,1.2309
3/20/2018,1.2276
3/21/2018,1.2286
3/22/2018,1.2316
3/23/2018,1.2346
3/26/2018,1.2411
3/27/2018,1.2376
3/28/2018,1.2398
3/29/2018,1.2321
4/3/2018,1.2308
4/4/2018,1.2276
4/5/2018,1.226
4/6/2018,1.2234
4/9/2018,1.2304
4/10/2018,1.2361
4/11/2018,1.2384
4/12/2018,1.2323
4/13/2018,1.2317
4/16/2018,1.237
4/17/2018,1.2357
4/18/2018,1.2388
4/19/2018,1.2382
4/20/2018,1.2309
4/23/2018,1.2238
4/24/2018,1.2213
4/25/2018,1.2185
4/26/2018,1.2168
4/27/2018,1.207
4/30/2018,1.2079
5/2/2018,1.2007
5/3/2018,1.1992
5/4/2018,1.1969
5/7/2018,1.1902
5/8/2018,1.187
5/9/2018,1.1879
5/10/2018,1.1878
5/11/2018,1.1934
5/14/2018,1.1988
5/15/2018,1.1883
5/16/2018,1.1784
5/17/2018,1.1805
5/18/2018,1.1781
5/21/2018,1.1759
5/22/2018,1.1794
5/23/2018,1.1708
5/24/2018,1.1728
5/25/2018,1.1675
5/28/2018,1.1644
5/29/2018,1.1558
5/30/2018,1.1632
5/31/2018,1.1699
6/1/2018,1.1669
6/4/2018,1.1737
6/5/2018,1.1675
6/6/2018,1.1765
6/7/2018,1.1836
6/8/2018,1.1754
6/11/2018,1.179
6/12/2018,1.1788
6/13/2018,1.1764
6/14/2018,1.173
6/15/2018,1.1596
6/18/2018,1.1613
6/19/2018,1.1534
6/20/2018,1.1578
6/21/2018,1.1538
6/22/2018,1.1648
6/25/2018,1.17
6/26/2018,1.1672
6/27/2018,1.1616
6/28/2018,1.1583
6/29/2018,1.1658
7/2/2018,1.1639
7/3/2018,1.1665
7/4/2018,1.1642
7/5/2018,1.1709
7/6/2018,1.1724
7/9/2018,1.1789
7/10/2018,1.1713
7/11/2018,1.1735
7/12/2018,1.1658
7/13/2018,1.1643
7/16/2018,1.172
7/17/2018,1.1707
7/18/2018,1.1611
7/19/2018,1.1588
7/20/2018,1.167
7/23/2018,1.1716
7/24/2018,1.1706
7/25/2018,1.169
7/26/2018,1.1716
7/27/2018,1.1625
7/30/2018,1.1684
7/31/2018,1.1736
8/1/2018,1.1696
8/2/2018,1.1617
8/3/2018,1.1588
8/6/2018,1.1543
8/7/2018,1.1602
8/8/2018,1.1589
8/9/2018,1.1593
8/10/2018,1.1456
8/13/2018,1.1403
8/14/2018,1.1406
8/15/2018,1.1321
8/16/2018,1.137
8/17/2018,1.1391
8/20/2018,1.142
8/21/2018,1.1502
8/22/2018,1.1616
8/23/2018,1.1579
8/24/2018,1.1588
8/27/2018,1.1633
8/28/2018,1.171
8/29/2018,1.166
8/30/2018,1.1692
8/31/2018,1.1651
9/3/2018,1.1609
9/4/2018,1.1562
9/5/2018,1.1582
9/6/2018,1.1634
9/7/2018,1.1615
9/10/2018,1.1571
9/11/2018,1.1574
9/12/2018,1.1585
9/13/2018,1.162
9/14/2018,1.1689
9/17/2018,1.1671
9/18/2018,1.1697
9/19/2018,1.1667
9/20/2018,1.1769
9/21/2018,1.1759
9/24/2018,1.1773
9/25/2018,1.1777
9/26/2018,1.1737
9/27/2018,1.1707
9/28/2018,1.1576
10/1/2018,1.1606
10/2/2018,1.1543
10/3/2018,1.1548
10/4/2018,1.1502
10/5/2018,1.1506
10/8/2018,1.1478
10/9/2018,1.1435
10/10/2018,1.15
10/11/2018,1.1575
10/12/2018,1.1574
10/15/2018,1.1581
10/16/2018,1.1587
10/17/2018,1.153
10/18/2018,1.1505
10/19/2018,1.147
10/22/2018,1.1494
10/23/2018,1.1478
10/24/2018,1.1389
10/25/2018,1.1416
10/26/2018,1.1345
10/29/2018,1.1381
10/30/2018,1.1372
10/31/2018,1.1318
11/1/2018,1.1393
11/2/2018,1.1417
11/5/2018,1.137
11/6/2018,1.1428
11/7/2018,1.1487
11/8/2018,1.1424
11/9/2018,1.1346
11/12/2018,1.1265
11/13/2018,1.1261
11/14/2018,1.1296
11/15/2018,1.1305
11/16/2018,1.1346
11/19/2018,1.1427
11/20/2018,1.1421
11/21/2018,1.1409
11/22/2018,1.1403
11/23/2018,1.1352
11/26/2018,1.1363
11/27/2018,1.1328
11/28/2018,1.1284
11/29/2018,1.1387
11/30/2018,1.1359
12/3/2018,1.1332
12/4/2018,1.1409
12/5/2018,1.1354
12/6/2018,1.1351
12/7/2018,1.1371
12/10/2018,1.1425
12/11/2018,1.1379
12/12/2018,1.1346
12/13/2018,1.1371
12/14/2018,1.1285
12/17/2018,1.1341
12/18/2018,1.1377
12/19/2018,1.1405
12/20/2018,1.1451
12/21/2018,1.1414
12/24/2018,1.1408
12/27/2018,1.1377
12/28/2018,1.1454
12/31/2018,1.145
1/2/2019,1.1397
1/3/2019,1.1348
1/4/2019,1.1403
1/7/2019,1.1445
1/8/2019,1.144
1/9/2019,1.1455
1/10/2019,1.1535
1/11/2019,1.1533
1/14/2019,1.1467
1/15/2019,1.1424
1/16/2019,1.1389
1/17/2019,1.1396
1/18/2019,1.1402
1/21/2019,1.1362
1/22/2019,1.1354
1/23/2019,1.1367
1/24/2019,1.1341
1/25/2019,1.1346
1/28/2019,1.1418
1/29/2019,1.1422
1/30/2019,1.1429
1/31/2019,1.1488
2/1/2019,1.1471
2/4/2019,1.1445
2/5/2019,1.1423
2/6/2019,1.1394
2/7/2019,1.1345
2/8/2019,1.1346
2/11/2019,1.1309
2/12/2019,1.1296
2/13/2019,1.1305
2/14/2019,1.1268
2/15/2019,1.126
2/18/2019,1.1328
2/19/2019,1.1294
2/20/2019,1.1342
2/21/2019,1.1354
2/22/2019,1.1325
2/25/2019,1.1355
2/26/2019,1.1361
2/27/2019,1.1386
2/28/2019,1.1416
3/1/2019,1.1383
3/4/2019,1.1337
3/5/2019,1.1329
3/6/2019,1.1305
3/7/2019,1.1271
3/8/2019,1.1222
3/11/2019,1.1244
3/12/2019,1.1275
3/13/2019,1.1303
3/14/2019,1.1295
3/15/2019,1.1308
3/18/2019,1.1349
3/19/2019,1.1358
3/20/2019,1.1354
3/21/2019,1.1387
3/22/2019,1.1302
3/25/2019,1.1325
3/26/2019,1.1291
3/27/2019,1.1261
3/28/2019,1.1218
3/29/2019,1.1235
4/1/2019,1.1236
4/2/2019,1.12
4/3/2019,1.1243
4/4/2019,1.1219
4/5/2019,1.1233
4/8/2019,1.1246
4/9/2019,1.1277
4/10/2019,1.1279
4/11/2019,1.1264
4/12/2019,1.1321
4/15/2019,1.1313
4/16/2019,1.1305
4/17/2019,1.1301
4/18/2019,1.125
4/23/2019,1.1245
4/24/2019,1.1209
4/25/2019,1.1123
4/26/2019,1.1133
4/29/2019,1.115
4/30/2019,1.1218
5/2/2019,1.1212
5/3/2019,1.1155
5/6/2019,1.1199
5/7/2019,1.1185
5/8/2019,1.1202
5/9/2019,1.1193
5/10/2019,1.123
5/13/2019,1.1245
5/14/2019,1.1226
5/15/2019,1.1183
5/16/2019,1.1203
5/17/2019,1.1172
5/20/2019,1.1167
5/21/2019,1.1161
5/22/2019,1.1171
5/23/2019,1.1139
5/24/2019,1.1187
5/27/2019,1.1198
5/28/2019,1.1192
5/29/2019,1.1156
5/30/2019,1.1134
5/31/2019,1.1151
6/3/2019,1.1185
6/4/2019,1.1244
6/5/2019,1.1257
6/6/2019,1.1266
6/7/2019,1.1273
6/10/2019,1.1301
6/11/2019,1.132
6/12/2019,1.1323
6/13/2019,1.1289
6/14/2019,1.1265
6/17/2019,1.1234
6/18/2019,1.1187
6/19/2019,1.1207
6/20/2019,1.1307
6/21/2019,1.1316
6/24/2019,1.1394
6/25/2019,1.1388
6/26/2019,1.1362
6/27/2019,1.137
6/28/2019,1.138
7/1/2019,1.1349
7/2/2019,1.1301
7/3/2019,1.1293
7/4/2019,1.1288
7/5/2019,1.126
7/8/2019,1.1215
7/9/2019,1.1205
7/10/2019,1.122
7/11/2019,1.1285
7/12/2019,1.1253
7/15/2019,1.1269
7/16/2019,1.1223
7/17/2019,1.1215
7/18/2019,1.1216
7/19/2019,1.1226
7/22/2019,1.1215
7/23/2019,1.1173
7/24/2019,1.114
7/25/2019,1.1115
7/26/2019,1.1138
7/29/2019,1.1119
7/30/2019,1.1154
7/31/2019,1.1151
8/1/2019,1.1037
8/2/2019,1.1106
8/5/2019,1.1182
8/6/2019,1.1187
8/7/2019,1.1202
8/8/2019,1.1193
8/9/2019,1.1198
8/12/2019,1.1194
8/13/2019,1.1222
8/14/2019,1.1188
8/15/2019,1.115
8/16/2019,1.1076
8/19/2019,1.1103
8/20/2019,1.1076
8/21/2019,1.1104
8/22/2019,1.1083
8/23/2019,1.1065
8/26/2019,1.1116
8/27/2019,1.1104
8/28/2019,1.1083
8/29/2019,1.1072
8/30/2019,1.1036
9/2/2019,1.0968
9/3/2019,1.0937
9/4/2019,1.1018
9/5/2019,1.1058
9/6/2019,1.1027
9/9/2019,1.1033
9/10/2019,1.104
9/11/2019,1.1003
9/12/2019,1.0963
9/13/2019,1.1096
9/16/2019,1.1031
9/17/2019,1.1026
9/18/2019,1.1053
9/19/2019,1.1067
9/20/2019,1.103
9/23/2019,1.0985
9/24/2019,1.1003
9/25/2019,1.0982
9/26/2019,1.0938
9/27/2019,1.0935
9/30/2019,1.0889
10/1/2019,1.0898
10/2/2019,1.0925
10/3/2019,1.0951
10/4/2019,1.0979
10/7/2019,1.0993
10/8/2019,1.0986
10/9/2019,1.0981
10/10/2019,1.103
10/11/2019,1.1043
10/14/2019,1.1031
10/15/2019,1.1007
10/16/2019,1.1025
10/17/2019,1.1113
10/18/2019,1.1144
10/21/2019,1.1173
10/22/2019,1.113
10/23/2019,1.1123
10/24/2019,1.1128
10/25/2019,1.1107
10/28/2019,1.1087
10/29/2019,1.1095
10/30/2019,1.1106
10/31/2019,1.1154
11/1/2019,1.1139
11/4/2019,1.1158
11/5/2019,1.1109
11/6/2019,1.109
11/7/2019,1.1077
11/8/2019,1.1034
11/11/2019,1.1041
11/12/2019,1.1015
11/13/2019,1.1006
11/14/2019,1.0997
11/15/2019,1.1034
11/18/2019,1.1061
11/19/2019,1.1077
11/20/2019,1.1059
11/21/2019,1.1091
11/22/2019,1.1058
11/25/2019,1.1008
11/26/2019,1.102
11/27/2019,1.1009
11/28/2019,1.1005
11/29/2019,1.0982
12/2/2019,1.1023
12/3/2019,1.1071
12/4/2019,1.1081
12/5/2019,1.1094
12/6/2019,1.1094
12/9/2019,1.1075
12/10/2019,1.1077
12/11/2019,1.1075
12/12/2019,1.1137
12/13/2019,1.1174
12/16/2019,1.1146
12/17/2019,1.1162
12/18/2019,1.1115
12/19/2019,1.1117
12/20/2019,1.1097
12/23/2019,1.1075
12/24/2019,1.108
12/27/2019,1.1153
12/30/2019,1.1189
12/31/2019,1.1234
1/2/2020,1.1193
1/3/2020,1.1147
1/6/2020,1.1194
1/7/2020,1.1172
1/8/2020,1.1115
1/9/2020,1.111
1/10/2020,1.1091
1/13/2020,1.1126
1/14/2020,1.1115
1/15/2020,1.1142
1/16/2020,1.1169
1/17/2020,1.1108
1/20/2020,1.1085
1/21/2020,1.1115
1/22/2020,1.1088
1/23/2020,1.1091
1/24/2020,1.1035
1/27/2020,1.1025
1/28/2020,1.1005
1/29/2020,1.1001
1/30/2020,1.1029
1/31/2020,1.1052
2/3/2020,1.1066
2/4/2020,1.1048
2/5/2020,1.1023
2/6/2020,1.1003
2/7/2020,1.0969
2/10/2020,1.0951
2/11/2020,1.0901
2/12/2020,1.0914
2/13/2020,1.0867
2/14/2020,1.0842
2/17/2020,1.0835
2/18/2020,1.0816
2/19/2020,1.08
2/20/2020,1.079
2/21/2020,1.0801
2/24/2020,1.0818
2/25/2020,1.084
2/26/2020,1.0875
2/27/2020,1.0964
2/28/2020,1.0977
3/2/2020,1.1122
3/3/2020,1.1117
3/4/2020,1.1125
3/5/2020,1.1187
3/6/2020,1.1336
3/9/2020,1.1456
3/10/2020,1.139
3/11/2020,1.1336
3/12/2020,1.124
3/13/2020,1.1104
3/16/2020,1.1157
3/17/2020,1.0982
3/18/2020,1.0934
3/19/2020,1.0801
3/20/2020,1.0707
3/23/2020,1.0783
3/24/2020,1.0843
3/25/2020,1.0827
3/26/2020,1.0981
3/27/2020,1.0977
3/30/2020,1.1034
3/31/2020,1.0956
4/1/2020,1.0936
4/2/2020,1.0906
4/3/2020,1.0785
4/6/2020,1.0791
4/7/2020,1.0885
4/8/2020,1.0871
4/9/2020,1.0867
4/14/2020,1.0963
4/15/2020,1.0903
4/16/2020,1.0888
4/17/2020,1.086
4/20/2020,1.086
4/21/2020,1.0837
4/22/2020,1.0867
4/23/2020,1.0772
4/24/2020,1.08
4/27/2020,1.0852
4/28/2020,1.0877
4/29/2020,1.0842
4/30/2020,1.0876
5/4/2020,1.0942
5/5/2020,1.0843
5/6/2020,1.0807
5/7/2020,1.0783
5/8/2020,1.0843
5/11/2020,1.0824
5/12/2020,1.0858
5/13/2020,1.0875
5/14/2020,1.0792
5/15/2020,1.0798
5/18/2020,1.0832
5/19/2020,1.095
5/20/2020,1.0958
5/21/2020,1.1
5/22/2020,1.0904
5/25/2020,1.091
5/26/2020,1.0975
5/27/2020,1.0991
5/28/2020,1.1016
5/29/2020,1.1136
6/1/2020,1.1116
6/2/2020,1.1174
6/3/2020,1.1194
6/4/2020,1.125
6/5/2020,1.133
6/8/2020,1.1285
6/9/2020,1.1294
6/10/2020,1.1375
6/11/2020,1.1348
6/12/2020,1.1304
6/15/2020,1.1253
6/16/2020,1.1308
6/17/2020,1.1232
6/18/2020,1.1222
6/19/2020,1.121
6/22/2020,1.1213
6/23/2020,1.1318
6/24/2020,1.128
6/25/2020,1.12
6/26/2020,1.1213
6/29/2020,1.1284
6/30/2020,1.1198
7/1/2020,1.12
7/2/2020,1.1286
7/3/2020,1.1224
7/6/2020,1.1325
7/7/2020,1.129
7/8/2020,1.1286
7/9/2020,1.1342
7/10/2020,1.1276
7/13/2020,1.1329
7/14/2020,1.1375
7/15/2020,1.1444
7/16/2020,1.1414
7/17/2020,1.1428
7/20/2020,1.1448
7/21/2020,1.1443
7/22/2020,1.1578
7/23/2020,1.1569
7/24/2020,1.1608
7/27/2020,1.176
7/28/2020,1.1717
7/29/2020,1.1725
7/30/2020,1.1743
7/31/2020,1.1848
8/3/2020,1.1726
8/4/2020,1.1765
8/5/2020,1.1854
8/6/2020,1.1843
8/7/2020,1.1817
8/10/2020,1.1763
8/11/2020,1.1783
8/12/2020,1.1771
8/13/2020,1.1833
8/14/2020,1.1813
8/17/2020,1.1853
8/18/2020,1.1906
8/19/2020,1.1933
8/20/2020,1.185
8/21/2020,1.1769
8/24/2020,1.1847
8/25/2020,1.1814
8/26/2020,1.1789
8/27/2020,1.1806
8/28/2020,1.1915
8/31/2020,1.194
9/1/2020,1.1987
9/2/2020,1.1861
9/3/2020,1.1813
9/4/2020,1.1842
9/7/2020,1.1824
9/8/2020,1.1785
9/9/2020,1.1773
9/10/2020,1.1849
9/11/2020,1.1854
9/14/2020,1.1876
9/15/2020,1.1892
9/16/2020,1.1869
9/17/2020,1.1797
9/18/2020,1.1833
9/21/2020,1.1787
9/22/2020,1.174
9/23/2020,1.1692
9/24/2020,1.1645
9/25/2020,1.1634
9/28/2020,1.167
9/29/2020,1.1702
9/30/2020,1.1708
10/1/2020,1.1752
10/2/2020,1.173
10/5/2020,1.1768
10/6/2020,1.1795
10/7/2020,1.177
10/8/2020,1.1765
10/9/2020,1.1795
10/12/2020,1.1799
10/13/2020,1.1787
10/14/2020,1.175
10/15/2020,1.1698
10/16/2020,1.1741
10/19/2020,1.1785
10/20/2020,1.181
10/21/2020,1.1852
10/22/2020,1.1821
10/23/2020,1.1856
10/26/2020,1.1819
10/27/2020,1.1832
10/28/2020,1.1727
10/29/2020,1.1704
10/30/2020,1.1698
11/2/2020,1.1652
11/3/2020,1.1702
11/4/2020,1.1721
11/5/2020,1.1855
11/6/2020,1.187
11/9/2020,1.1883
11/10/2020,1.1808
11/11/2020,1.1766
11/12/2020,1.1791
11/13/2020,1.1815
11/16/2020,1.183
11/17/2020,1.1882
11/18/2020,1.1868
11/19/2020,1.1832
11/20/2020,1.1863
11/23/2020,1.1901
11/24/2020,1.1865
11/25/2020,1.189
11/26/2020,1.19
11/27/2020,1.1922
11/30/2020,1.198
12/1/2020,1.1968
12/2/2020,1.2066
12/3/2020,1.2151
12/4/2020,1.2159
12/7/2020,1.2128
12/8/2020,1.2114
12/9/2020,1.2109
12/10/2020,1.2115
12/11/2020,1.2127
12/14/2020,1.2162
12/15/2020,1.214
12/16/2020,1.2189
12/17/2020,1.2246
12/18/2020,1.2259
12/21/2020,1.2173
12/22/2020,1.2239
12/23/2020,1.2166
12/24/2020,1.2193
12/28/2020,1.2219
12/29/2020,1.2259
12/30/2020,1.2281
12/31/2020,1.2271
1/4/2021,1.2296
1/5/2021,1.2271
1/6/2021,1.2338
1/7/2021,1.2276
1/8/2021,1.225
1/11/2021,1.2163
1/12/2021,1.2161
1/13/2021,1.2166
1/14/2021,1.2124
1/15/2021,1.2123
1/18/2021,1.2064
1/19/2021,1.2132
1/20/2021,1.2101
1/21/2021,1.2158
1/22/2021,1.2158
1/25/2021,1.2152
1/26/2021,1.2143
1/27/2021,1.2114
1/28/2021,1.2091
1/29/2021,1.2136
2/1/2021,1.2084
2/2/2021,1.2044
2/3/2021,1.2017
2/4/2021,1.1996
2/5/2021,1.1983
2/8/2021,1.2025
2/9/2021,1.2104
2/10/2021,1.2127
2/11/2021,1.2147
2/12/2021,1.2108
2/15/2021,1.2129
2/16/2021,1.2143
2/17/2021,1.206
2/18/2021,1.2084
2/19/2021,1.2139
2/22/2021,1.2133
2/23/2021,1.2143
2/24/2021,1.2146
2/25/2021,1.2225
2/26/2021,1.2121
3/1/2021,1.2053
3/2/2021,1.2028
3/3/2021,1.2048
3/4/2021,1.2034
3/5/2021,1.1938
3/8/2021,1.1866
3/9/2021,1.1894
3/10/2021,1.1892
3/11/2021,1.1969
3/12/2021,1.1933
3/15/2021,1.192
3/16/2021,1.1926
3/17/2021,1.1907
3/18/2021,1.1912
3/19/2021,1.1891
3/22/2021,1.1926
3/23/2021,1.1883
3/24/2021,1.1825
3/25/2021,1.1802
3/26/2021,1.1782
3/29/2021,1.1784
3/30/2021,1.1741
3/31/2021,1.1725
4/1/2021,1.1746
4/6/2021,1.1812
4/7/2021,1.1884
4/8/2021,1.1873
4/9/2021,1.1888
4/12/2021,1.1904
4/13/2021,1.1896
4/14/2021,1.1964
4/15/2021,1.197
4/16/2021,1.1986
4/19/2021,1.2035
4/20/2021,1.2051
4/21/2021,1.2007
4/22/2021,1.2046
4/23/2021,1.2066
4/26/2021,1.2085
4/27/2021,1.2088
4/28/2021,1.207
4/29/2021,1.2129
4/30/2021,1.2082
5/3/2021,1.2044
5/4/2021,1.2021
5/5/2021,1.2005
5/6/2021,1.206
5/7/2021,1.2059
5/10/2021,1.2169
5/11/2021,1.217
5/12/2021,1.2118
5/13/2021,1.2081
5/14/2021,1.2123
5/17/2021,1.2143
5/18/2021,1.2222
5/19/2021,1.2212
5/20/2021,1.2203
5/21/2021,1.2188
5/24/2021,1.2212
5/25/2021,1.2264
5/26/2021,1.2229
5/27/2021,1.2198
5/28/2021,1.2142
5/31/2021,1.2201
6/1/2021,1.2225
6/2/2021,1.2186
6/3/2021,1.2187
6/4/2021,1.2117
6/7/2021,1.2162
6/8/2021,1.2182
6/9/2021,1.2195
6/10/2021,1.2174
6/11/2021,1.2125
6/14/2021,1.2112
6/15/2021,1.2108
6/16/2021,1.2124
6/17/2021,1.1937
6/18/2021,1.1898
6/21/2021,1.1891
6/22/2021,1.1894
6/23/2021,1.1951
6/24/2021,1.1936
6/25/2021,1.195
6/28/2021,1.191
6/29/2021,1.1888
6/30/2021,1.1884
7/1/2021,1.1884
7/2/2021,1.1823
7/5/2021,1.1866
7/6/2021,1.1838
7/7/2021,1.1831
7/8/2021,1.1838
7/9/2021,1.1858
7/12/2021,1.1852
7/13/2021,1.1844
7/14/2021,1.1812
7/15/2021,1.1809
7/16/2021,1.1802
7/19/2021,1.1766
7/20/2021,1.1775
7/21/2021,1.1772
7/22/2021,1.1775
7/23/2021,1.1767
7/26/2021,1.1787
7/27/2021,1.181
7/28/2021,1.1807
7/29/2021,1.1873
7/30/2021,1.1891
8/2/2021,1.1886
8/3/2021,1.1885
8/4/2021,1.1861
8/5/2021,1.185
8/6/2021,1.1807
8/9/2021,1.1761
8/10/2021,1.1722
8/11/2021,1.1718
8/12/2021,1.1739
8/13/2021,1.1765
8/16/2021,1.1772
8/17/2021,1.1767
8/18/2021,1.1723
8/19/2021,1.1696
8/20/2021,1.1671
8/23/2021,1.1718
8/24/2021,1.174
8/25/2021,1.1736
8/26/2021,1.1767
8/27/2021,1.1761
8/30/2021,1.1801
8/31/2021,1.1834
9/1/2021,1.1817
9/2/2021,1.1846
9/3/2021,1.1872
9/6/2021,1.1864
9/7/2021,1.186
9/8/2021,1.1827
9/9/2021,1.1838
9/10/2021,1.1841
9/13/2021,1.178
9/14/2021,1.1814
9/15/2021,1.1824
9/16/2021,1.1763
9/17/2021,1.178
9/20/2021,1.1711
9/21/2021,1.1738
9/22/2021,1.1729
9/23/2021,1.1715
9/24/2021,1.1719
9/27/2021,1.1698
9/28/2021,1.1678
9/29/2021,1.1654
9/30/2021,1.1579
10/1/2021,1.16
10/4/2021,1.1636
10/5/2021,1.1602
10/6/2021,1.1542
10/7/2021,1.1562
10/8/2021,1.1569
10/11/2021,1.1574
10/12/2021,1.1555
10/13/2021,1.1562
10/14/2021,1.1602
10/15/2021,1.1602
10/18/2021,1.1604
10/19/2021,1.1655
10/20/2021,1.1623
10/21/2021,1.1637
10/22/2021,1.163
10/25/2021,1.1603
10/26/2021,1.1618
10/27/2021,1.1617
10/28/2021,1.1593
10/29/2021,1.1645
